City_ID,City,Country,Date,Lat,Lng,Max Temp,Humidity,Cloudiness,Wind Speed
0,Albany,US,2021-11-30 21:18:15,42.6001,-73.9662,35.8,74,100,2.35
1,Batemans Bay,AU,2021-11-30 21:19:33,-35.7167,150.1833,73.2,81,100,2.46
2,Pisco,PE,2021-11-30 21:20:24,-13.7,-76.2167,69.85,68,0,21.85
3,Ravar,IR,2021-11-30 21:20:25,31.2656,56.8055,53.8,41,0,3.06
4,Rikitea,PF,2021-11-30 21:16:57,-23.1203,-134.9692,76.44,75,0,21.07
5,Hokitika,NZ,2021-11-30 21:20:26,-42.7167,170.9667,62.94,70,98,2.66
6,Beloha,MG,2021-11-30 21:20:26,-25.1667,45.05,72.95,89,62,9.1
7,Dingle,PH,2021-11-30 21:20:27,10.9995,122.6711,74.62,85,100,3.31
8,Nizwa,OM,2021-11-30 21:20:27,22.9333,57.5333,67.1,64,72,1.59
9,Punta Arenas,CL,2021-11-30 21:20:28,-53.15,-70.9167,62.71,39,0,24.16
10,Jinan,CN,2021-11-30 21:20:29,36.6683,116.9972,34.16,41,0,4.14
11,Hermanus,ZA,2021-11-30 21:20:29,-34.4187,19.2345,62.91,73,100,11.41
12,Amahai,ID,2021-11-30 21:18:55,-3.3333,128.9167,78.96,84,93,2.24
13,Esperance,AU,2021-11-30 21:18:46,-33.8667,121.9,54.9,73,4,3.11
14,Mount Pleasant,US,2021-11-30 21:20:30,32.7941,-79.8626,64.54,55,1,1.01
15,Cape Town,ZA,2021-11-30 21:20:31,-33.9258,18.4232,65.08,73,0,5.75
16,Port Alfred,ZA,2021-11-30 21:20:31,-33.5906,26.891,66.6,75,86,4.0
17,San Nicolas,PH,2021-11-30 21:20:32,18.1725,120.5953,78.71,78,20,17.27
18,Busselton,AU,2021-11-30 21:20:32,-33.65,115.3333,45.05,82,66,4.54
19,Dikson,RU,2021-11-30 21:18:42,73.5069,80.5464,-13.23,100,100,8.41
20,Faanui,PF,2021-11-30 21:20:33,-16.4833,-151.75,80.44,78,100,18.72
21,Vaini,TO,2021-11-30 21:20:34,-21.2,-175.2,80.76,83,40,12.66
22,Gladstone,AU,2021-11-30 21:19:12,-23.85,151.25,79.79,88,99,5.75
23,Ushuaia,AR,2021-11-30 21:18:58,-54.8,-68.3,60.46,31,75,19.57
24,Atambua,ID,2021-11-30 21:20:35,-9.1061,124.8925,75.45,81,100,1.88
25,Olinda,BR,2021-11-30 21:19:51,-8.0089,-34.8553,82.13,74,40,8.05
26,Baracoa,CU,2021-11-30 21:20:35,20.3467,-74.4958,77.88,78,100,6.24
27,Ancud,CL,2021-11-30 21:20:36,-41.8697,-73.8203,66.42,67,10,8.88
28,Bluff,NZ,2021-11-30 21:20:36,-46.6,168.3333,56.8,75,91,15.93
29,Provideniya,RU,2021-11-30 21:20:37,64.3833,-173.3,-4.65,59,0,8.95
30,Sept-Iles,CA,2021-11-30 21:17:48,50.2001,-66.3821,27.12,59,75,5.99
31,Husavik,IS,2021-11-30 21:20:38,66.0449,-17.3389,24.71,86,100,5.53
32,Narsaq,GL,2021-11-30 21:20:38,60.9167,-46.05,29.32,87,100,11.32
33,Puerto Ayora,EC,2021-11-30 21:19:36,-0.7393,-90.3518,80.56,83,91,9.73
34,Atuona,PF,2021-11-30 21:20:39,-9.8,-139.0333,78.6,76,5,19.39
35,Champerico,GT,2021-11-30 21:20:39,14.3,-91.9167,90.14,60,0,5.84
36,Broken Hill,AU,2021-11-30 21:20:40,-31.95,141.4333,75.72,51,7,11.54
37,Katsuura,JP,2021-11-30 21:20:40,35.1333,140.3,66.22,90,100,38.92
38,Mataura,NZ,2021-11-30 21:16:45,-46.1927,168.8643,56.48,79,100,5.95
39,Lavrentiya,RU,2021-11-30 21:14:26,65.5833,-171.0,-13.72,89,5,8.88
40,Coquimbo,CL,2021-11-30 21:18:52,-29.9533,-71.3436,62.33,67,75,9.22
41,Paamiut,GL,2021-11-30 21:20:41,61.994,-49.6678,28.69,82,100,8.72
42,Mahebourg,MU,2021-11-30 21:20:42,-20.4081,57.7,77.29,78,40,4.61
43,Salalah,OM,2021-11-30 21:20:42,17.0151,54.0924,75.29,27,0,4.61
44,Vaitape,PF,2021-11-30 21:20:43,-16.5167,-151.75,80.47,78,100,18.86
45,Kapaa,US,2021-11-30 21:15:18,22.0752,-159.319,82.38,76,75,5.99
46,Klaksvik,FO,2021-11-30 21:20:43,62.2266,-6.589,34.72,60,100,17.54
47,Nantucket,US,2021-11-30 21:20:44,41.2835,-70.0995,39.99,71,100,19.62
48,Qaanaaq,GL,2021-11-30 21:20:44,77.484,-69.3632,0.52,74,14,6.35
49,Makungu,TZ,2021-11-30 21:20:45,-8.7333,35.2833,63.28,88,16,2.89
50,Guerrero Negro,MX,2021-11-30 21:20:45,27.9769,-114.0611,71.83,55,0,12.66
51,Santa Lucia,ES,2021-11-30 21:20:46,27.9117,-15.5407,57.76,66,20,6.91
52,Tiarei,PF,2021-11-30 21:20:46,-17.5333,-149.3333,86.02,78,100,21.07
53,Bethel,US,2021-11-30 21:18:45,41.3712,-73.414,37.09,82,90,5.75
54,Lebu,CL,2021-11-30 21:20:47,-37.6167,-73.65,58.96,75,2,12.86
55,Hilo,US,2021-11-30 21:20:48,19.7297,-155.09,76.24,91,75,6.91
56,Hantsport,CA,2021-11-30 21:20:49,45.0668,-64.1654,31.89,84,46,3.0
57,Kaeo,NZ,2021-11-30 21:20:49,-35.1,173.7833,67.48,63,100,1.36
58,Cotonou,BJ,2021-11-30 21:19:01,6.3654,2.4183,84.18,79,20,9.22
59,Lompoc,US,2021-11-30 21:19:14,34.6391,-120.4579,89.69,35,1,6.91
60,West Bay,KY,2021-11-30 21:20:14,19.3667,-81.4167,82.47,67,20,4.0
61,Bengkulu,ID,2021-11-30 21:15:51,-3.8004,102.2655,74.5,89,99,7.27
62,Airai,TL,2021-11-30 21:16:52,-8.9266,125.4092,60.8,79,100,1.83
63,Panzhihua,CN,2021-11-30 21:20:51,26.5851,101.7128,48.81,93,100,0.76
64,Masallatah,LY,2021-11-30 21:20:51,32.6167,14.0,55.8,61,27,9.06
65,Saint-Philippe,RE,2021-11-30 21:16:53,-21.3585,55.7679,76.55,79,39,7.63
66,Isangel,VU,2021-11-30 21:20:52,-19.55,169.2667,82.51,78,75,0.0
67,Inirida,CO,2021-11-30 21:20:53,3.8653,-67.9239,82.83,80,100,3.15
68,Tourlaville,FR,2021-11-30 21:20:53,49.6383,-1.5664,51.66,93,90,21.85
69,Rio Grande,BR,2021-11-30 21:20:54,-32.035,-52.0986,75.31,78,13,17.6
70,Ust-Kulom,RU,2021-11-30 21:20:54,61.6864,53.6902,32.76,98,100,9.01
71,Newport,GB,2021-11-30 21:17:25,51.5877,-2.9984,53.55,89,100,26.87
72,Hohhot,CN,2021-11-30 21:20:55,40.8106,111.6522,7.09,72,0,6.71
73,Karratha,AU,2021-11-30 21:20:56,-20.7377,116.8463,83.77,27,14,9.48
74,Georgetown,MY,2021-11-30 21:17:07,5.4112,100.3354,78.89,89,20,2.3
75,Avarua,CK,2021-11-30 21:20:56,-21.2078,-159.775,80.65,69,20,11.5
76,Upernavik,GL,2021-11-30 21:20:57,72.7868,-56.1549,22.89,97,99,4.59
77,Catuday,PH,2021-11-30 21:20:57,16.2923,119.8062,80.46,76,98,20.27
78,Bintulu,MY,2021-11-30 21:20:58,3.1667,113.0333,75.61,94,40,3.44
79,Nanortalik,GL,2021-11-30 21:20:58,60.1432,-45.2371,31.84,94,100,13.8
80,Nemuro,JP,2021-11-30 21:20:59,43.3236,145.575,52.47,80,100,38.7
81,Mana,GF,2021-11-30 21:20:59,5.6592,-53.7767,79.57,82,100,9.53
82,Khatanga,RU,2021-11-30 21:21:00,71.9667,102.5,-40.29,100,75,0.65
83,Bredasdorp,ZA,2021-11-30 21:21:00,-34.5322,20.0403,62.28,69,100,7.83
84,Kavieng,PG,2021-11-30 21:21:00,-2.5744,150.7967,82.85,73,92,10.89
85,Pocone,BR,2021-11-30 21:18:05,-16.2567,-56.6228,81.79,73,99,6.06
86,Ponta Do Sol,PT,2021-11-30 21:21:01,32.6667,-17.1,64.71,74,52,2.24
87,Sitka,US,2021-11-30 21:21:02,57.0531,-135.33,37.29,87,90,9.22
88,Polohy,UA,2021-11-30 21:21:02,47.4844,36.2536,37.85,71,100,13.2
89,Acari,PE,2021-11-30 21:21:03,-15.4311,-74.6158,75.45,58,59,8.75
90,Nikolskoye,RU,2021-11-30 21:19:25,59.7035,30.7861,22.39,94,100,9.4
91,Kaka,TM,2021-11-30 21:21:03,37.3482,59.6143,57.04,35,0,6.38
92,Yellowknife,CA,2021-11-30 21:17:34,62.456,-114.3525,-17.88,69,20,8.05
93,Hithadhoo,MV,2021-11-30 21:21:04,-0.6,73.0833,81.63,76,24,7.11
94,Liverpool,GB,2021-11-30 21:18:24,53.4106,-2.9779,51.76,88,75,5.01
95,Cidreira,BR,2021-11-30 21:18:58,-30.1811,-50.2056,74.5,63,0,16.78
96,Severodvinsk,RU,2021-11-30 21:21:05,64.5635,39.8302,15.91,90,100,17.18
97,Yichun,CN,2021-11-30 21:21:05,47.7,128.9,1.8,91,99,6.13
98,Priego De Cordoba,ES,2021-11-30 21:21:06,37.4381,-4.1952,47.01,73,8,1.74
99,Zinder,NE,2021-11-30 21:21:06,13.8072,8.9881,75.65,17,17,10.96
100,Pevek,RU,2021-11-30 21:21:07,69.7008,170.3133,-12.1,100,94,1.28
101,Grasse,FR,2021-11-30 21:21:07,43.6667,6.9167,42.55,65,0,1.01
102,Yeppoon,AU,2021-11-30 21:21:08,-23.1333,150.7333,76.78,81,74,1.57
103,Bisert,RU,2021-11-30 21:21:08,56.8617,59.0523,38.32,91,100,15.19
104,Poum,NC,2021-11-30 21:21:09,-20.2333,164.0167,81.27,77,16,13.02
105,Sterling,US,2021-11-30 21:21:09,39.0062,-77.4286,56.05,45,20,5.99
106,Severo-Kurilsk,RU,2021-11-30 21:18:49,50.6789,156.125,30.47,67,100,7.36
107,Talnakh,RU,2021-11-30 21:21:10,69.4865,88.3972,-20.79,94,20,9.04
108,Bud,US,2021-11-30 21:21:11,39.447,-86.1758,53.58,55,74,6.51
109,New Norfolk,AU,2021-11-30 21:18:48,-42.7826,147.0587,64.71,53,66,3.0
110,Fort Nelson,CA,2021-11-30 21:21:12,58.8053,-122.7002,-8.01,71,75,0.0
111,Lasa,IT,2021-11-30 21:21:12,46.6166,10.7002,47.14,93,69,7.74
112,Srednekolymsk,RU,2021-11-30 21:21:13,67.45,153.6833,-16.35,98,100,8.57
113,Manica,FR,2021-11-30 21:21:13,49.0,-1.1667,49.41,88,100,15.01
114,Oga,IT,2021-11-30 21:21:14,46.4631,10.347,39.74,97,64,5.03
115,Puri,IN,2021-11-30 21:21:14,19.8,85.85,61.32,61,6,7.65
116,Kasongo-Lunda,CD,2021-11-30 21:21:15,-6.4667,16.8167,71.64,97,100,1.03
117,Kashi,CN,2021-11-30 21:21:15,39.4547,75.9797,27.61,50,7,8.95
118,Wajima,JP,2021-11-30 21:21:16,37.4,136.9,54.03,65,100,33.84
119,Itarema,BR,2021-11-30 21:21:16,-2.9248,-39.9167,80.89,75,100,14.2
120,Gidole,ET,2021-11-30 21:21:16,5.65,37.3667,59.18,39,98,4.45
121,Namibe,AO,2021-11-30 21:21:17,-15.1961,12.1522,70.63,77,73,4.38
122,Vanimo,PG,2021-11-30 21:21:18,-2.6741,141.3028,77.95,90,100,6.35
123,Sencha,UA,2021-11-30 21:21:18,50.2548,33.346,31.59,84,11,7.43
124,Port Augusta,AU,2021-11-30 21:19:20,-32.5,137.7667,76.71,22,8,3.36
125,Kodiak,US,2021-11-30 21:21:19,57.79,-152.4072,27.91,69,20,5.75
126,Okhotsk,RU,2021-11-30 21:21:20,59.3833,143.3,-19.3,86,18,13.87
127,Hasaki,JP,2021-11-30 21:21:18,35.7333,140.8333,64.8,86,100,40.6
128,Padang,ID,2021-11-30 21:21:20,-0.9492,100.3543,75.7,87,79,2.57
129,Dabhol,IN,2021-11-30 21:21:21,17.6,73.1667,75.81,79,100,4.32
130,Asau,RO,2021-11-30 21:21:22,46.4333,26.4,37.76,48,13,21.68
131,Tigre,AR,2021-11-30 21:21:22,-34.426,-58.5796,79.25,36,0,11.5
132,Thompson,CA,2021-11-30 21:18:44,55.7435,-97.8558,-2.04,78,75,3.44
133,Laguna,US,2021-11-30 21:21:23,38.421,-121.4238,75.43,68,1,1.01
134,Tvoroyri,FO,2021-11-30 21:21:23,61.5556,-6.8111,34.99,65,100,22.97
135,Kysyl-Syr,RU,2021-11-30 21:21:24,63.8986,122.7617,-35.03,100,41,3.47
136,Almaznyy,RU,2021-11-30 21:21:24,48.0448,40.045,39.34,90,100,9.17
137,Morondava,MG,2021-11-30 21:21:25,-20.2833,44.2833,76.21,82,10,4.27
138,Kahului,US,2021-11-30 21:21:25,20.8947,-156.47,83.46,75,40,16.11
139,Longyearbyen,SJ,2021-11-30 21:21:26,78.2186,15.6401,6.64,72,0,17.27
140,Caravelas,BR,2021-11-30 21:21:26,-17.7125,-39.2481,78.55,83,70,15.57
141,Dunedin,NZ,2021-11-30 21:20:55,-45.8742,170.5036,51.69,90,100,11.88
142,Pontalina,BR,2021-11-30 21:21:27,-17.525,-49.4472,75.11,88,81,5.75
143,Wilmington,US,2021-11-30 21:20:50,34.2257,-77.9447,58.98,40,1,8.05
144,Tazmalt,DZ,2021-11-30 21:21:28,36.3868,4.3989,50.88,85,25,3.06
145,Beibei,CN,2021-11-30 21:21:29,29.8256,106.4339,53.24,70,6,2.21
146,Muleba,TZ,2021-11-30 21:21:29,-1.8397,31.6544,67.46,80,100,4.61
147,Constitucion,CL,2021-11-30 21:21:30,-35.3333,-72.4167,60.64,73,23,10.58
148,Kumo,NG,2021-11-30 21:21:30,10.0447,11.2122,79.09,20,55,7.29
149,Cabo San Lucas,MX,2021-11-30 21:14:57,22.8909,-109.9124,83.52,57,90,1.01
150,Jamestown,US,2021-11-30 21:21:31,42.097,-79.2353,36.99,88,90,8.01
151,Christchurch,NZ,2021-11-30 21:21:28,-43.5333,172.6333,61.48,77,75,5.01
152,Urumqi,CN,2021-11-30 21:20:10,43.801,87.6005,14.95,79,0,0.0
153,Waipawa,NZ,2021-11-30 21:21:32,-41.4122,175.5153,60.3,89,100,8.01
154,Chokurdakh,RU,2021-11-30 21:21:32,70.6333,147.9167,-13.68,98,100,6.08
155,Hami,CN,2021-11-30 21:21:33,42.8,93.45,23.54,69,0,3.38
156,Wattegama,LK,2021-11-30 21:20:18,6.7989,81.4808,72.93,93,0,2.71
157,Vostok,RU,2021-11-30 21:21:33,46.4856,135.8833,9.64,97,100,4.47
158,Mar Del Plata,AR,2021-11-30 21:18:17,-38.0023,-57.5575,60.82,75,0,11.99
159,Nikolayevka,RU,2021-11-30 21:21:34,53.1257,47.2041,37.0,76,37,12.24
160,Carnarvon,AU,2021-11-30 21:18:44,-24.8667,113.6333,68.07,83,90,17.27
161,Police,PL,2021-11-30 21:21:35,53.5521,14.5718,39.54,97,100,1.99
162,Boende,CD,2021-11-30 21:21:35,-0.2167,20.8667,68.31,99,90,1.23
163,Popondetta,PG,2021-11-30 21:21:36,-8.7537,148.2534,76.06,95,97,2.19
164,Hobart,AU,2021-11-30 21:15:03,-42.8794,147.3294,65.05,72,0,4.0
165,Tasiilaq,GL,2021-11-30 21:20:57,65.6145,-37.6368,8.78,83,11,5.08
166,Davidson,US,2021-11-30 21:18:16,36.1501,-86.7833,64.85,40,40,0.0
167,Aklavik,CA,2021-11-30 21:21:37,68.2191,-135.0107,-24.77,67,20,2.3
168,Bathsheba,BB,2021-11-30 21:21:38,13.2167,-59.5167,81.21,83,40,14.97
169,Chuy,UY,2021-11-30 21:21:38,-33.6971,-53.4616,67.35,82,26,14.18
170,Raga,SS,2021-11-30 21:21:39,8.4596,25.678,84.51,33,78,3.74
171,Saint George,US,2021-11-30 21:17:02,37.1041,-113.5841,73.35,22,1,1.01
172,Ahipara,NZ,2021-11-30 21:17:02,-35.1667,173.1667,69.17,63,100,2.1
173,Bambous Virieux,MU,2021-11-30 21:21:40,-20.3428,57.7575,77.25,78,40,4.61
174,Hoa Binh,VN,2021-11-30 21:21:40,20.8133,105.3383,66.09,78,100,0.98
175,Half Moon Bay,US,2021-11-30 21:21:41,37.4636,-122.4286,75.92,61,1,10.36
176,Antalaha,MG,2021-11-30 21:21:41,-14.9003,50.2788,71.96,79,89,5.12
177,Castro,BR,2021-11-30 21:14:23,-24.7911,-50.0119,75.63,48,0,3.02
178,Kunashak,RU,2021-11-30 21:21:42,55.7032,61.5498,31.08,62,100,20.8
179,Cam Ranh,VN,2021-11-30 21:21:43,11.9214,109.1591,78.76,73,75,23.02
180,Port Lincoln,AU,2021-11-30 21:20:52,-34.7333,135.8667,60.17,80,45,17.81
181,Chernitsyno,RU,2021-11-30 21:21:44,51.5074,36.051,31.48,73,60,11.43
182,Bam,IR,2021-11-30 21:21:44,29.106,58.357,57.94,35,0,3.85
183,Leningradskiy,RU,2021-11-30 21:16:54,69.3833,178.4167,-21.73,96,49,10.09
184,Mahibadhoo,MV,2021-11-30 21:21:15,3.7833,72.9667,81.86,78,7,11.34
185,Bubaque,GW,2021-11-30 21:20:41,11.2833,-15.8333,82.31,68,6,10.65
186,Cherskiy,RU,2021-11-30 21:21:45,68.75,161.3,-15.68,98,100,5.03
187,Walvis Bay,NA,2021-11-30 21:21:46,-22.9575,14.5053,60.1,88,0,2.3
188,Prince Rupert,CA,2021-11-30 21:21:46,54.3161,-130.3201,51.49,78,75,20.71
189,Kilindoni,TZ,2021-11-30 21:21:46,-7.9139,39.6668,80.98,79,26,11.3
190,Naushahro Firoz,PK,2021-11-30 21:21:47,26.8424,68.123,67.51,24,0,3.6
191,Praia,CV,2021-11-30 21:21:47,14.9215,-23.5087,73.94,64,75,19.57
192,Monrovia,LR,2021-11-30 21:21:48,6.3005,-10.7969,76.77,80,62,8.68
193,Dewas,IN,2021-11-30 21:16:55,22.9667,76.0667,63.39,44,100,6.55
194,Qaqortoq,GL,2021-11-30 21:21:48,60.7167,-46.0333,31.3,88,100,11.41
195,Basco,PH,2021-11-30 21:21:49,20.4487,121.9702,72.34,78,100,43.24
196,San Quintin,MX,2021-11-30 21:21:49,30.4833,-115.95,70.0,57,0,10.22
197,Terney,RU,2021-11-30 21:21:50,45.0503,136.6092,35.24,94,100,11.59
198,Hendaye,FR,2021-11-30 21:21:51,43.3717,-1.7738,50.25,93,20,5.75
199,Hit,IQ,2021-11-30 21:21:51,33.6416,42.8251,67.98,35,100,11.21
200,Jorochito,BO,2021-11-30 21:21:51,-18.05,-63.4333,77.32,54,40,4.54
201,Pingliang,CN,2021-11-30 21:21:52,35.5392,106.6861,29.3,49,5,1.63
202,Tual,ID,2021-11-30 21:21:52,-5.6667,132.75,83.79,73,100,6.46
203,Butaritari,KI,2021-11-30 21:18:56,3.0707,172.7902,81.27,77,39,10.92
204,Esmeraldas,BR,2021-11-30 21:21:53,-19.7625,-44.3139,77.11,85,100,6.71
205,East London,ZA,2021-11-30 21:21:53,-33.0153,27.9116,67.03,80,86,3.89
206,Anori,BR,2021-11-30 21:21:54,-3.7728,-61.6442,82.78,79,100,2.71
207,Westport,US,2021-11-30 21:21:21,41.1415,-73.3579,39.74,77,90,8.99
208,Volgo-Kaspiyskiy,RU,2021-11-30 21:21:55,46.2031,47.9187,40.98,100,90,11.18
209,Saskylakh,RU,2021-11-30 21:21:55,71.9167,114.0833,-36.15,100,76,5.37
210,Miraflores,MX,2021-11-30 21:21:56,19.2167,-98.8083,73.02,35,62,2.77
211,Tiksi,RU,2021-11-30 21:21:56,71.6872,128.8694,-21.46,98,99,6.62
212,Puerto Baquerizo Moreno,EC,2021-11-30 21:20:09,-0.9,-89.6,69.42,87,42,10.85
213,Dukat,RU,2021-11-30 21:21:57,62.55,155.55,-23.28,96,100,5.41
214,Pangody,RU,2021-11-30 21:21:58,65.85,74.4859,-19.16,100,88,3.18
215,Hay River,CA,2021-11-30 21:21:58,60.8156,-115.7999,-0.42,78,40,6.91
216,Lagunas,PE,2021-11-30 21:21:59,-5.2269,-75.6753,87.46,56,98,3.31
217,Surt,LY,2021-11-30 21:21:59,31.2089,16.5887,62.6,53,8,11.81
218,Bay Roberts,CA,2021-11-30 21:22:00,47.5999,-53.2648,49.03,90,100,11.99
219,San Policarpo,PH,2021-11-30 21:22:00,12.1791,125.5072,78.15,91,100,6.71
220,Iracoubo,GF,2021-11-30 21:22:01,5.4802,-53.2011,80.1,81,100,9.1
221,Victoria,HK,2021-11-30 21:17:40,22.2855,114.1577,62.26,39,25,1.01
222,Cashel,IE,2021-11-30 21:22:02,52.5158,-7.8856,51.39,86,100,22.19
223,Kourou,GF,2021-11-30 21:22:02,5.1552,-52.6478,77.11,84,93,7.63
224,Clarence Town,AU,2021-11-30 21:19:31,-32.5833,151.7833,67.95,99,100,2.98
225,San Carlos De Bariloche,AR,2021-11-30 21:17:55,-41.1456,-71.3082,71.35,16,20,27.63
226,Jiaojiang,CN,2021-11-30 21:22:03,28.6803,121.4428,40.44,65,0,11.52
227,Iqaluit,CA,2021-11-30 21:22:04,63.7506,-68.5145,8.33,78,75,4.0
228,Kaitangata,NZ,2021-11-30 21:22:04,-46.2817,169.8464,55.92,76,100,12.1
229,Ongandjera,NA,2021-11-30 21:22:05,-17.8833,15.0667,83.23,22,41,12.55
230,Gizo,SB,2021-11-30 21:22:05,-8.103,156.8419,83.16,76,100,6.49
231,Camacupa,AO,2021-11-30 21:22:06,-12.0167,17.4833,60.67,97,100,3.8
232,Quimper,FR,2021-11-30 21:22:06,48.0,-4.1,52.61,93,90,14.97
233,Mendota,US,2021-11-30 21:22:07,36.7536,-120.3816,70.72,41,0,4.29
234,Mareeba,AU,2021-11-30 21:22:07,-17.0,145.4333,76.44,95,75,1.43
235,Vada,NL,2021-11-30 21:22:08,51.97,5.6667,50.86,95,90,13.8
236,Klaebu,NO,2021-11-30 21:22:08,63.2976,10.4826,30.45,92,100,5.19
237,San Cristobal,VE,2021-11-30 21:22:09,7.7669,-72.225,78.98,56,100,4.88
238,Xining,CN,2021-11-30 21:22:09,36.6167,101.7667,18.32,55,0,1.97
239,Saldanha,ZA,2021-11-30 21:22:10,-33.0117,17.9442,60.85,82,35,8.9
240,Morant Bay,JM,2021-11-30 21:22:10,17.8815,-76.4093,83.82,74,100,13.71
241,Fortuna,US,2021-11-30 21:18:13,40.5982,-124.1573,58.93,75,1,1.99
242,Bardiyah,LY,2021-11-30 21:22:11,31.7561,25.0865,62.89,68,100,20.2
243,Sinnamary,GF,2021-11-30 21:19:00,5.3833,-52.95,80.13,83,97,9.17
244,Biak,ID,2021-11-30 21:22:12,-0.9131,122.8766,76.96,73,99,2.48
245,Nampa,US,2021-11-30 21:17:41,43.5407,-116.5635,53.11,70,1,0.0
246,Maraa,BR,2021-11-30 21:22:13,-1.8333,-65.3667,79.88,91,100,2.84
247,Yulara,AU,2021-11-30 21:22:13,-25.2406,130.9889,67.84,45,0,3.44
248,San Martin,AR,2021-11-30 21:22:13,-33.081,-68.4681,82.94,18,74,9.75
249,Esna,EG,2021-11-30 21:22:14,25.2934,32.554,78.85,23,100,11.1
250,Nalut,LY,2021-11-30 21:22:14,30.3333,10.85,52.84,49,75,8.75
251,Yar-Sale,RU,2021-11-30 21:22:15,66.8333,70.8333,-11.83,100,57,3.91
252,Sao Joao Da Barra,BR,2021-11-30 21:22:15,-21.6403,-41.0511,77.09,93,100,13.04
253,Nueve De Julio,AR,2021-11-30 21:22:16,-35.4444,-60.8831,75.7,39,13,9.78
254,Barrow,US,2021-11-30 21:18:46,71.2906,-156.7887,-16.58,76,1,12.66
255,Ketchikan,US,2021-11-30 21:22:17,55.3422,-131.6461,50.47,81,75,8.05
256,Kismayo,SO,2021-11-30 21:22:17,-0.3582,42.5454,80.11,79,82,9.82
257,Vao,NC,2021-11-30 21:22:18,-22.6667,167.4833,76.78,87,0,14.05
258,Tazovskiy,RU,2021-11-30 21:22:18,67.4667,78.7,-25.92,100,9,0.51
259,Saint-Augustin,CA,2021-11-30 21:22:19,51.226,-58.6502,32.16,95,100,11.77
260,Traverse City,US,2021-11-30 21:22:20,44.7631,-85.6206,39.31,73,90,13.8
261,Tuktoyaktuk,CA,2021-11-30 21:22:21,69.4541,-133.0374,-29.2,68,20,6.91
262,Pangnirtung,CA,2021-11-30 21:22:21,66.1451,-65.7125,19.4,86,90,5.75
263,Pilot Butte,CA,2021-11-30 21:22:22,50.4668,-104.4178,38.82,80,20,8.05
264,Itigi,TZ,2021-11-30 21:22:22,-5.7,34.4833,73.15,55,96,8.9
265,Quilali,NI,2021-11-30 21:22:23,13.567,-86.026,82.06,50,1,7.92
266,Cukai,MY,2021-11-30 21:22:23,4.25,103.4167,78.94,87,86,2.37
267,Kerugoya,KE,2021-11-30 21:22:23,-0.4989,37.2803,59.92,97,100,2.15
268,Rio Gallegos,AR,2021-11-30 21:22:24,-51.6226,-69.2181,64.45,39,0,16.11
269,Belmonte,BR,2021-11-30 21:22:25,-15.8631,-38.8828,79.3,85,95,14.76
270,Grindavik,IS,2021-11-30 21:22:25,63.8424,-22.4338,32.47,74,90,20.71
271,Vilyuysk,RU,2021-11-30 21:22:26,63.7553,121.6247,-36.45,100,45,3.38
272,Mount Isa,AU,2021-11-30 21:20:53,-20.7333,139.5,74.97,33,0,0.0
273,Cockburn Town,TC,2021-11-30 21:20:47,21.4612,-71.1419,80.56,61,75,6.91
274,Daru,PG,2021-11-30 21:22:27,-9.0763,143.2092,80.49,85,100,4.65
275,Cikampek,ID,2021-11-30 21:22:27,-6.4197,107.4558,76.69,85,100,1.5
276,Marysville,US,2021-11-30 21:22:28,48.0518,-122.1771,54.99,92,90,5.01
277,Along,IN,2021-11-30 21:22:28,28.1667,94.7667,53.19,64,59,1.57
278,Bihoro,JP,2021-11-30 21:22:29,43.8228,144.1044,58.68,80,100,26.64
279,Touros,BR,2021-11-30 21:22:30,-5.1989,-35.4608,83.3,78,47,11.77
280,Morlaix,FR,2021-11-30 21:22:30,48.5833,-4.0,51.96,97,90,20.71
281,Henties Bay,NA,2021-11-30 21:22:31,-22.116,14.2845,59.86,90,0,9.28
282,Visnes,NO,2021-11-30 21:22:31,59.3556,5.2242,38.21,93,20,6.91
283,Ilula,TZ,2021-11-30 21:22:32,-7.6766,36.0366,61.97,93,83,4.52
284,Korla,CN,2021-11-30 21:20:47,41.7597,86.1469,20.57,70,0,1.66
285,Sorong,ID,2021-11-30 21:22:33,-0.8833,131.25,79.39,84,100,6.6
286,Wellington,NZ,2021-11-30 21:20:01,-41.2866,174.7756,62.91,69,20,4.0
287,Gwadar,PK,2021-11-30 21:22:34,25.1216,62.3254,73.89,60,1,8.72
288,Choma,ZM,2021-11-30 21:22:34,-16.8065,26.9531,72.82,33,0,5.1
289,Ostrovnoy,RU,2021-11-30 21:22:35,68.0531,39.5131,25.56,66,100,32.53
290,Kirkland Lake,CA,2021-11-30 21:22:02,48.1446,-80.0377,29.23,93,100,7.09
291,Rosarito,MX,2021-11-30 21:22:35,32.3333,-117.0333,86.65,66,2,7.05
292,Necochea,AR,2021-11-30 21:18:00,-38.5473,-58.7368,63.03,46,0,12.3
293,Atbasar,KZ,2021-11-30 21:22:36,51.8,68.3333,5.25,93,9,4.38
294,Sibolga,ID,2021-11-30 21:22:36,1.7427,98.7792,73.92,89,80,3.2
295,Goderich,CA,2021-11-30 21:22:37,43.7501,-81.7165,36.91,87,93,18.41
296,Waddan,LY,2021-11-30 21:22:38,29.1614,16.139,54.61,51,93,6.82
297,Kovur,IN,2021-11-30 21:22:38,14.4833,79.9833,76.96,79,99,7.72
298,Weligama,LK,2021-11-30 21:22:38,5.9667,80.4167,76.05,89,72,2.04
299,Brawley,US,2021-11-30 21:22:39,32.9787,-115.5303,87.1,13,1,0.0
300,Sinop,TR,2021-11-30 21:22:39,41.7711,34.8709,41.43,71,61,15.57
301,Richards Bay,ZA,2021-11-30 21:22:40,-28.783,32.0377,71.44,91,84,14.65
302,Birobidzhan,RU,2021-11-30 21:22:41,48.8,132.95,9.45,89,100,4.72
303,Saint-Georges,GD,2021-11-30 21:22:41,12.0564,-61.7485,76.68,94,40,3.44
304,Byron Bay,AU,2021-11-30 21:22:42,-28.65,153.6167,71.87,95,100,1.1
305,Port Macquarie,AU,2021-11-30 21:22:37,-31.4333,152.9167,66.16,100,90,1.14
306,Kattivakkam,IN,2021-11-30 21:22:43,13.2167,80.3167,81.07,88,32,10.89
307,Norman Wells,CA,2021-11-30 21:22:43,65.282,-126.8329,-29.16,62,20,0.0
308,Tornio,FI,2021-11-30 21:22:44,65.8481,24.1466,8.62,87,76,12.53
309,Hanting,CN,2021-11-30 21:22:45,36.7708,119.2108,32.09,54,0,9.22
310,Isiro,CD,2021-11-30 21:22:45,2.7739,27.616,67.44,99,100,3.83
311,Luis Correia,BR,2021-11-30 21:22:46,-2.8792,-41.6669,81.39,79,100,15.59
312,Canutama,BR,2021-11-30 21:22:46,-6.5339,-64.3831,79.2,86,100,3.04
313,Kudahuvadhoo,MV,2021-11-30 21:22:46,2.6708,72.8944,82.0,76,3,12.73
314,Lobito,AO,2021-11-30 21:22:47,-12.3481,13.5456,77.65,81,100,7.25
315,Bourail,NC,2021-11-30 21:22:47,-21.5667,165.4833,82.72,67,0,2.77
316,Altay,CN,2021-11-30 21:22:48,47.8667,88.1167,16.83,60,15,7.76
317,Noormarkku,FI,2021-11-30 21:22:48,61.5927,21.8685,20.98,79,0,11.5
318,Marsa Matruh,EG,2021-11-30 21:22:49,31.3525,27.2453,66.07,63,98,21.34
319,Bad Kissingen,DE,2021-11-30 21:22:49,50.2,10.0833,41.4,99,100,14.94
320,Zhigansk,RU,2021-11-30 21:22:50,66.7697,123.3711,-38.15,100,100,4.41
321,Sabha,LY,2021-11-30 21:22:50,27.0377,14.4283,56.25,20,10,9.28
322,Chimore,BO,2021-11-30 21:22:51,-16.9833,-65.1333,79.54,64,51,2.64
323,Marcala,HN,2021-11-30 21:22:51,14.15,-88.0333,71.08,46,0,7.49
324,Panjab,AF,2021-11-30 21:21:53,34.388,67.0233,26.82,65,0,2.53
325,Bela,IN,2021-11-30 21:22:52,25.9333,81.9833,62.44,38,93,2.48
326,Lipin Bor,RU,2021-11-30 21:22:53,60.2622,37.9763,32.04,95,100,9.31
327,Krasnoarmeyskiy,RU,2021-11-30 21:22:53,47.0114,42.2072,49.93,92,100,15.37
328,Quatre Cocos,MU,2021-11-30 21:22:54,-20.2078,57.7625,77.11,74,8,9.22
329,Cairns,AU,2021-11-30 21:22:54,-16.9167,145.7667,81.07,87,78,5.75
330,Luderitz,NA,2021-11-30 21:22:55,-26.6481,15.1594,62.35,72,0,17.36
331,Shingu,JP,2021-11-30 21:22:55,33.7333,135.9833,53.62,79,84,19.86
332,Prainha,BR,2021-11-30 21:22:56,-1.8,-53.48,87.89,48,83,5.75
333,Saint-Francois,FR,2021-11-30 21:22:56,46.4154,3.9054,42.24,60,90,11.5
334,Kedgwick,CA,2021-11-30 21:22:56,47.6446,-67.3434,19.71,79,53,9.98
335,Cayenne,GF,2021-11-30 21:22:57,4.9333,-52.3333,77.09,91,75,4.61
336,Paveh,IR,2021-11-30 21:22:57,35.0434,46.3565,50.61,42,100,4.92
337,Jacareacanga,BR,2021-11-30 21:22:58,-6.2222,-57.7528,87.26,63,99,1.63
338,Vestmannaeyjar,IS,2021-11-30 21:22:04,63.4427,-20.2734,30.11,72,26,27.04
339,Matamoros,MX,2021-11-30 21:22:59,25.5333,-103.25,78.91,27,75,0.0
340,Champagnole,FR,2021-11-30 21:23:00,46.7445,5.9135,38.5,93,100,6.69
341,Manaure,CO,2021-11-30 21:23:00,11.7751,-72.4445,86.97,58,92,17.16
342,Ossora,RU,2021-11-30 21:23:01,59.2353,163.0719,6.69,90,26,7.05
343,Sao Joao Do Paraiso,BR,2021-11-30 21:23:01,-15.3136,-42.0144,73.51,78,88,3.22
344,Atherton,GB,2021-11-30 21:23:02,53.5237,-2.4935,51.35,92,100,5.01
345,Evensk,RU,2021-11-30 21:23:02,61.95,159.2333,4.05,96,100,8.5
346,Martapura,ID,2021-11-30 21:23:03,-3.4167,114.85,71.69,100,90,6.91
347,Ucluelet,CA,2021-11-30 21:23:03,48.9329,-125.5528,53.1,94,100,10.58
348,Zvishavane,ZW,2021-11-30 21:23:04,-20.3267,30.0665,76.69,40,1,5.32
349,Satka,RU,2021-11-30 21:23:04,55.0425,59.04,39.11,88,100,5.99
350,Marsh Harbour,BS,2021-11-30 21:23:05,26.5412,-77.0636,72.86,59,6,8.88
351,Ashcroft,CA,2021-11-30 21:23:05,50.7165,-121.2859,55.78,83,100,8.03
352,Manzhouli,CN,2021-11-30 21:23:06,49.6,117.4333,2.82,96,36,7.2
353,Arraial Do Cabo,BR,2021-11-30 21:23:06,-22.9661,-42.0278,76.96,88,75,3.44
354,Moose Factory,CA,2021-11-30 21:18:57,51.2585,-80.6094,24.8,93,90,4.61
355,Rocha,UY,2021-11-30 21:23:07,-34.4833,-54.3333,64.51,90,81,13.42
356,Lloret De Mar,ES,2021-11-30 21:23:07,41.6999,2.8457,56.21,93,0,4.0
357,Geraldton,AU,2021-11-30 21:23:08,-28.7667,114.6,59.41,77,75,12.66
358,The Valley,AI,2021-11-30 21:23:08,18.217,-63.0578,82.54,74,20,11.5
359,Chengde,CN,2021-11-30 21:23:09,40.9725,117.9361,25.63,42,0,5.88
360,Ilulissat,GL,2021-11-30 21:23:09,69.2167,-51.1,22.73,95,100,8.55
361,San Patricio,US,2021-11-30 21:18:55,28.017,-97.5169,78.78,61,83,9.15
362,Rapid Valley,US,2021-11-30 21:23:10,44.0625,-103.1463,56.59,39,1,8.05
363,Winnemucca,US,2021-11-30 21:23:10,40.973,-117.7357,55.45,35,1,5.75
364,Alofi,NU,2021-11-30 21:19:30,-19.0595,-169.9187,82.29,65,75,13.8
365,Ribas Do Rio Pardo,BR,2021-11-30 21:23:11,-20.4431,-53.7592,81.7,66,100,4.34
366,Ilhabela,BR,2021-11-30 21:23:12,-23.7781,-45.3581,73.69,93,33,4.43
367,Port Elizabeth,ZA,2021-11-30 21:23:12,-33.918,25.5701,63.1,82,75,4.61
368,Sulangan,PH,2021-11-30 21:23:12,11.1373,123.7228,82.53,78,100,9.98
369,Santiago Del Estero,AR,2021-11-30 21:23:13,-27.7951,-64.2615,89.8,23,9,15.77
370,Saint-Pierre,RE,2021-11-30 21:23:13,-21.3393,55.4781,76.64,79,0,10.36
371,Motihari,IN,2021-11-30 21:23:14,26.65,84.9167,63.63,54,88,4.0
372,Rundu,NA,2021-11-30 21:23:14,-17.9333,19.7667,70.39,64,59,5.7
373,Santa Isabel,BR,2021-11-30 21:23:15,-23.3156,-46.2214,80.4,81,62,8.01
374,Atasu,KZ,2021-11-30 21:23:15,48.6814,71.6433,10.38,89,9,1.7
375,Camargo,MX,2021-11-30 21:23:16,27.6667,-105.1667,73.13,35,74,0.87
376,Gafanha Da Encarnacao,PT,2021-11-30 21:23:16,40.6181,-8.733,51.28,85,6,3.78
377,Williams Lake,CA,2021-11-30 21:23:02,52.1415,-122.1445,47.77,61,75,21.85
378,Adrar,MR,2021-11-30 21:21:13,20.5022,-10.0711,67.15,18,65,10.98
379,Fare,PF,2021-11-30 21:23:17,-16.7,-151.0167,82.02,71,100,20.58
380,Bandarbeyla,SO,2021-11-30 21:23:18,9.4942,50.8122,77.04,69,34,17.67
381,Dhidhdhoo,MV,2021-11-30 21:21:15,6.8833,73.1,81.46,79,100,10.45
382,Luorong,CN,2021-11-30 21:23:19,24.4058,109.6086,48.69,47,11,8.72
383,Nyurba,RU,2021-11-30 21:23:19,63.2842,118.3319,-29.7,100,97,3.11
384,Clarksburg,US,2021-11-30 21:23:20,39.2807,-80.3445,55.51,43,1,14.97
385,Lasem,ID,2021-11-30 21:18:35,-6.6922,111.4527,76.8,88,100,5.32
386,Neryungri,RU,2021-11-30 21:23:20,56.6709,124.6491,-19.55,99,80,3.56
387,Namatanai,PG,2021-11-30 21:23:21,-3.6667,152.4333,82.11,75,90,6.89
388,Port Hedland,AU,2021-11-30 21:19:21,-20.3167,118.5667,78.85,89,0,10.36
389,Ambilobe,MG,2021-11-30 21:23:22,-13.2,49.05,73.4,69,0,4.12
390,Charleston,US,2021-11-30 21:23:22,32.7766,-79.9309,64.22,54,1,4.0
391,Shiraz,IR,2021-11-30 21:23:23,29.6036,52.5388,44.04,49,0,0.0
392,Launceston,AU,2021-11-30 21:23:23,-41.45,147.1667,64.62,75,96,1.99
393,Belur,IN,2021-11-30 21:23:24,13.1667,75.8667,64.71,97,81,9.84
394,Ankara,TR,2021-11-30 21:22:50,39.9199,32.8543,42.04,83,75,1.99
395,Glenwood Springs,US,2021-11-30 21:22:16,39.5505,-107.3248,58.82,31,1,3.44
396,Skelleftea,SE,2021-11-30 21:23:24,64.7507,20.9528,8.96,78,19,8.05
397,Praia Da Vitoria,PT,2021-11-30 21:23:25,38.7333,-27.0667,62.85,88,75,10.87
398,Moreira Sales,BR,2021-11-30 21:23:26,-24.0622,-53.0069,78.44,56,0,6.49
399,Burgeo,CA,2021-11-30 21:23:26,47.6167,-57.6152,38.43,79,100,34.76
400,Tessalit,ML,2021-11-30 21:23:26,20.1986,1.0114,76.69,19,100,9.1
401,Boali,CF,2021-11-30 21:23:27,4.8005,18.1275,73.04,81,96,1.05
402,Portland,US,2021-11-30 21:19:16,45.5234,-122.6762,58.57,89,90,1.01
403,Varhaug,NO,2021-11-30 21:23:28,58.6147,5.6457,37.89,68,100,3.42
404,Santa Maria Da Vitoria,BR,2021-11-30 21:23:28,-13.3947,-44.1886,77.54,79,67,2.82
405,Bitung,ID,2021-11-30 21:23:29,1.4451,125.1824,76.05,84,100,4.9
406,Sayansk,RU,2021-11-30 21:23:29,54.1088,102.1648,6.98,94,87,3.31
407,Venado Tuerto,AR,2021-11-30 21:23:30,-33.7456,-61.9688,79.79,26,4,10.54
408,Katangli,RU,2021-11-30 21:23:30,51.7102,143.2326,24.96,79,100,13.96
409,Nuevo Progreso,MX,2021-11-30 21:23:31,23.1667,-97.95,82.6,61,83,7.0
410,Praya,CV,2021-11-30 21:21:47,14.9215,-23.5087,73.94,64,75,19.57
411,Lagoa,PT,2021-11-30 21:23:31,39.05,-27.9833,61.79,75,9,11.3
412,Butembo,CD,2021-11-30 21:23:32,0.15,29.2833,57.56,98,100,3.13
413,Thessalon,CA,2021-11-30 21:23:32,46.2501,-83.5666,37.89,93,99,19.17
414,Fort Saint James,CA,2021-11-30 21:23:33,54.4333,-124.25,39.58,79,100,8.12
415,Sola,VU,2021-11-30 21:23:33,-13.8833,167.55,83.07,84,75,0.0
416,Phuntsholing,BT,2021-11-30 21:23:34,26.8516,89.3884,63.68,58,99,6.08
417,Ostersund,SE,2021-11-30 21:23:34,63.1792,14.6357,9.05,92,86,2.3
418,Mount Gambier,AU,2021-11-30 21:23:35,-37.8333,140.7667,60.71,88,90,14.97
419,Yambio,SS,2021-11-30 21:23:35,4.5721,28.3955,68.54,95,100,1.86
420,Tilichiki,RU,2021-11-30 21:23:36,60.4667,166.1,-0.06,94,17,3.74
421,Panaba,MX,2021-11-30 21:21:17,21.2833,-88.2667,81.63,47,58,13.02
422,Tamandare,BR,2021-11-30 21:23:36,-8.7597,-35.1047,79.88,78,54,9.75
423,Stornoway,GB,2021-11-30 21:23:37,58.2093,-6.3865,45.03,89,75,4.0
424,Rosetta,EG,2021-11-30 21:23:37,31.4044,30.4164,68.09,71,66,17.22
425,Camabatela,AO,2021-11-30 21:23:38,-8.1881,15.375,62.96,99,100,1.7
426,Cap Malheureux,MU,2021-11-30 21:23:38,-19.9842,57.6142,77.49,75,1,3.0
427,Bogotol,RU,2021-11-30 21:23:39,56.2078,89.5342,20.07,78,100,15.3
428,Hambantota,LK,2021-11-30 21:23:40,6.1241,81.1185,73.74,100,1,2.3
429,Iquique,CL,2021-11-30 21:22:18,-20.2208,-70.1431,68.04,70,91,6.89
430,Mizdah,LY,2021-11-30 21:23:40,31.4451,12.9801,48.76,57,16,4.05
431,Banda Aceh,ID,2021-11-30 21:23:41,5.5577,95.3222,77.05,87,100,7.25
432,Comodoro Rivadavia,AR,2021-11-30 21:23:42,-45.8667,-67.5,69.66,32,0,19.57
433,Nishihara,JP,2021-11-30 21:23:42,26.1842,127.7558,64.06,63,75,28.77
434,Ola,RU,2021-11-30 21:23:43,59.5833,151.2833,-13.77,91,22,9.1
435,Santa Cruz De Tenerife,ES,2021-11-30 21:23:05,28.4682,-16.2546,70.29,82,20,1.01
436,Kavaratti,IN,2021-11-30 21:23:43,10.5669,72.642,81.32,78,60,16.42
437,Flinders,AU,2021-11-30 21:23:44,-34.5833,150.8552,69.21,94,100,5.01
438,Domoni,KM,2021-11-30 21:23:44,-12.2569,44.5319,78.3,82,20,4.83
439,Egvekinot,RU,2021-11-30 21:23:45,66.3167,-179.1667,-17.12,85,10,6.96
440,Zhanaozen,KZ,2021-11-30 21:23:45,43.3,52.8,56.26,41,87,30.94
441,River Falls,US,2021-11-30 21:22:22,44.8614,-92.6238,45.72,41,100,6.53
442,Palmeiras De Goias,BR,2021-11-30 21:23:46,-16.805,-49.9258,76.26,88,67,5.21
443,Santa Cruz,BO,2021-11-30 21:23:47,-17.8,-63.1667,78.85,65,75,6.91
444,Kalmunai,LK,2021-11-30 21:23:47,7.4167,81.8167,77.22,87,14,5.32
445,Svetlaya,RU,2021-11-30 21:23:48,46.5389,138.3297,34.63,98,100,9.53
446,Clyde River,CA,2021-11-30 21:23:48,70.4692,-68.5914,1.63,85,90,6.91
447,Imeni Poliny Osipenko,RU,2021-11-30 21:23:49,52.4201,136.4853,-0.49,90,100,11.54
448,Jiaocheng,CN,2021-11-30 21:23:50,24.6774,116.1389,41.59,65,0,3.67
449,Agadez,NE,2021-11-30 21:23:31,19.75,10.25,69.53,23,64,10.13
450,Vila Franca Do Campo,PT,2021-11-30 21:23:50,37.7167,-25.4333,63.19,86,100,11.97
451,Trofors,NO,2021-11-30 21:23:51,65.5333,13.4063,24.15,94,98,4.56
452,Colares,PT,2021-11-30 21:23:52,38.7992,-9.4469,55.33,71,5,15.01
453,Sawakin,SD,2021-11-30 21:23:52,19.1059,37.3321,81.36,70,3,5.5
454,Viedma,AR,2021-11-30 21:21:13,-40.8135,-62.9967,75.24,22,6,20.8
455,Voh,NC,2021-11-30 21:23:53,-20.9667,164.7,83.39,69,6,2.53
456,Hammerfest,NO,2021-11-30 21:23:53,70.6634,23.6821,18.05,53,0,13.8
457,Nouadhibou,MR,2021-11-30 21:23:54,20.931,-17.0347,67.98,56,0,17.27
458,Ulladulla,AU,2021-11-30 21:23:54,-35.35,150.4667,69.76,83,100,3.67
459,Buchanan,LR,2021-11-30 21:23:55,5.8808,-10.0467,76.96,81,74,7.36
460,Qufu,CN,2021-11-30 21:23:55,35.5967,116.9911,35.67,49,1,1.19
461,Calama,CL,2021-11-30 21:23:55,-22.4667,-68.9333,75.69,15,16,24.16
462,Muli,MV,2021-11-30 21:21:15,2.9167,73.5667,82.17,75,4,12.44
463,Hovd,MN,2021-11-30 21:23:56,48.0056,91.6419,16.18,57,12,1.16
464,Los Llanos De Aridane,ES,2021-11-30 21:23:57,28.6585,-17.9182,62.35,80,75,5.01
465,Meulaboh,ID,2021-11-30 21:23:57,4.1363,96.1285,75.61,87,79,1.72
466,Vardo,NO,2021-11-30 21:23:58,70.3705,31.1107,28.38,74,75,8.05
467,Lorengau,PG,2021-11-30 21:23:58,-2.0226,147.2712,82.29,75,80,8.05
468,Port Hardy,CA,2021-11-30 21:20:21,50.6996,-127.4199,51.76,100,90,2.3
469,Kerema,PG,2021-11-30 21:23:59,-7.9631,145.7785,79.0,87,100,3.47
470,College,US,2021-11-30 21:23:59,64.8569,-147.8028,-3.01,77,75,0.0
471,Atar,MR,2021-11-30 21:24:00,20.5169,-13.0499,69.94,19,66,10.58
472,Marrakesh,MA,2021-11-30 21:19:30,31.6315,-8.0083,53.67,62,2,3.44
473,Attleboro,US,2021-11-30 21:24:00,41.9445,-71.2856,39.79,64,1,1.99
474,Nioro,GM,2021-11-30 21:24:01,13.35,-15.75,80.67,25,16,3.42
475,Kandrian,PG,2021-11-30 21:19:29,-6.2167,149.55,79.27,87,94,6.67
476,Ulaangom,MN,2021-11-30 21:24:02,49.9811,92.0667,8.73,77,77,4.27
477,Basudebpur,IN,2021-11-30 21:24:02,21.1353,86.7386,65.37,54,28,5.77
478,Los Negros,BO,2021-11-30 21:24:03,-17.7333,-63.4333,78.93,57,48,4.29
479,Shache,CN,2021-11-30 21:24:03,38.4167,77.2406,27.75,38,39,3.31
480,Tuatapere,NZ,2021-11-30 21:18:54,-46.1333,167.6833,56.82,70,80,5.14
481,Lulea,SE,2021-11-30 21:24:04,65.5842,22.1547,1.47,85,0,11.5
482,Torres,BR,2021-11-30 21:24:04,-29.3353,-49.7269,77.83,62,2,16.31
483,Nadym,RU,2021-11-30 21:24:05,65.5333,72.5167,-14.73,100,100,3.22
484,Itaituba,BR,2021-11-30 21:24:05,-4.2761,-55.9836,89.76,70,40,9.22
485,Alyangula,AU,2021-11-30 21:24:06,-13.8483,136.4192,75.07,100,85,0.0
486,Hervey Bay,AU,2021-11-30 21:24:06,-25.2986,152.8535,78.91,92,100,1.01
487,Brusyliv,UA,2021-11-30 21:24:07,50.2845,29.5263,30.31,75,40,10.04
488,Aginskoye,RU,2021-11-30 21:24:07,51.1,114.53,6.91,94,59,5.12
489,Agirish,RU,2021-11-30 21:24:08,61.9247,63.0231,20.21,95,100,11.81
490,Pokhara,NP,2021-11-30 21:24:08,28.2333,83.9833,56.43,56,100,4.14
491,Zhoucheng,CN,2021-11-30 21:24:08,35.9122,116.3117,36.01,44,2,1.92
492,Carutapera,BR,2021-11-30 21:24:09,-1.195,-46.02,81.54,76,100,8.63
493,Sioux Lookout,CA,2021-11-30 21:24:09,50.1001,-91.917,23.38,54,75,9.22
494,Kruisfontein,ZA,2021-11-30 21:20:37,-34.0033,24.7314,60.89,86,38,3.58
495,Meadow Lake,US,2021-11-30 21:24:10,34.8014,-106.5436,70.57,25,0,3.96
496,Tokur,RU,2021-11-30 21:24:10,53.1333,132.9,-17.79,100,100,3.2
497,Tungor,RU,2021-11-30 21:24:11,53.3808,142.9564,14.38,85,95,4.09
498,Margate,GB,2021-11-30 21:24:12,51.3813,1.3862,52.97,81,100,8.01
499,Pacific Grove,US,2021-11-30 21:24:12,36.6177,-121.9166,79.39,60,1,3.0
500,Lumphat,KH,2021-11-30 21:24:12,13.4878,106.9816,67.66,84,100,5.01
501,Yerbogachen,RU,2021-11-30 21:24:13,61.2767,108.0108,2.68,99,98,1.95
502,Satipo,PE,2021-11-30 21:24:13,-11.2522,-74.6386,79.32,77,91,0.6
503,Burnie,AU,2021-11-30 21:24:14,-41.0667,145.9167,59.34,81,100,8.66
504,Zambezi,ZM,2021-11-30 21:24:14,-13.5432,23.1047,74.88,41,93,7.36
505,Tura,IN,2021-11-30 21:24:15,25.5198,90.2201,61.11,70,90,4.32
506,Cabedelo,BR,2021-11-30 21:24:15,-6.9811,-34.8339,83.07,76,94,9.98
507,Areosa,PT,2021-11-30 21:24:16,41.7178,-8.8571,53.33,76,99,1.79
508,Hamilton,US,2021-11-30 21:24:16,39.1834,-84.5333,54.86,52,1,1.99
509,Te Anau,NZ,2021-11-30 21:24:17,-45.4167,167.7167,56.3,78,97,0.89
510,Kharp,RU,2021-11-30 21:20:50,66.8014,65.8081,-5.17,93,100,3.58
511,Severo-Yeniseyskiy,RU,2021-11-30 21:24:18,60.3725,93.0408,15.28,88,100,14.27
512,Makhalino,RU,2021-11-30 21:24:18,53.0854,46.2211,35.04,78,52,11.81
513,Solano,US,2021-11-30 21:24:19,38.2333,-121.9511,75.45,49,1,12.66
514,Nyahururu,KE,2021-11-30 21:24:19,0.0421,36.3673,54.16,95,100,7.67
515,Puerto El Triunfo,SV,2021-11-30 21:24:19,13.2833,-88.55,94.06,51,2,7.4
516,Payakumbuh,ID,2021-11-30 21:24:20,-0.2202,100.6308,68.76,95,98,3.74
517,Lehigh Acres,US,2021-11-30 21:24:20,26.6254,-81.6248,75.94,47,1,1.01
518,Mezen,RU,2021-11-30 21:24:21,65.8522,44.24,17.44,91,100,18.77
519,Petropavlovsk-Kamchatskiy,RU,2021-11-30 21:24:21,53.0452,158.6483,3.79,78,0,2.24
520,Ripoll,ES,2021-11-30 21:24:22,42.2006,2.1903,41.05,72,0,4.14
521,Yumen,CN,2021-11-30 21:24:22,40.2833,97.2,17.58,67,68,14.25
522,Lydenburg,ZA,2021-11-30 21:24:23,-25.0978,30.4597,60.28,88,31,3.04
523,Owensboro,US,2021-11-30 21:24:23,37.7742,-87.1133,60.19,50,1,5.75
524,Dubinino,RU,2021-11-30 21:24:24,55.6192,89.0911,23.34,67,95,9.13
525,Beian,NO,2021-11-30 21:24:24,63.6559,9.5683,32.09,100,75,19.57
526,Sur,OM,2021-11-30 21:24:25,22.5667,59.5289,74.98,63,14,3.4
527,Wakefield,GB,2021-11-30 21:24:26,53.6809,-1.499,51.04,80,100,14.54
528,Skibbereen,IE,2021-11-30 21:24:26,51.55,-9.2667,51.6,81,72,22.37
529,Vicksburg,US,2021-11-30 21:24:27,32.3526,-90.8779,72.1,38,1,4.61
530,Sao Filipe,CV,2021-11-30 21:24:27,14.8961,-24.4956,74.59,67,100,13.65
531,Mae Hong Son,TH,2021-11-30 21:24:28,19.3003,97.9685,62.62,80,100,2.46
532,Bombay,IN,2021-11-30 21:19:36,19.0144,72.8479,80.58,61,75,5.75
533,Haines Junction,CA,2021-11-30 21:24:28,60.7522,-137.5108,-2.25,78,100,4.61
534,Wukari,NG,2021-11-30 21:24:29,7.85,9.7833,80.8,22,35,1.72
535,Alice Springs,AU,2021-11-30 21:24:29,-23.7,133.8833,69.35,46,0,6.91
536,Blind River,CA,2021-11-30 21:24:30,46.1834,-82.9582,35.85,90,100,15.61
537,Mocuba,MZ,2021-11-30 21:24:30,-16.8392,36.9856,72.05,81,0,2.95
538,Chimbote,PE,2021-11-30 21:21:17,-9.0853,-78.5783,69.4,76,75,11.56
539,Beringovskiy,RU,2021-11-30 21:24:31,63.05,179.3167,10.54,96,100,4.41
540,Bereda,ES,2021-11-30 21:24:31,43.2686,-7.5406,52.14,100,100,3.49
541,Sault Sainte Marie,CA,2021-11-30 21:22:01,46.5168,-84.3333,37.69,72,90,13.8
542,Baghdad,IQ,2021-11-30 21:24:32,33.3406,44.4009,57.11,67,0,6.91
543,Nome,US,2021-11-30 21:22:38,64.5011,-165.4064,-7.53,60,1,8.05
544,Rudbar,AF,2021-11-30 21:24:33,30.15,62.6,59.07,38,0,2.37
545,Ribeira Grande,PT,2021-11-30 21:24:33,38.5167,-28.7,61.2,77,75,5.75
546,Kununurra,AU,2021-11-30 21:24:34,-15.7667,128.7333,73.38,73,8,3.44
547,Lazaro Cardenas,MX,2021-11-30 21:24:34,17.9583,-102.2,83.01,65,54,6.73
548,Shetpe,KZ,2021-11-30 21:24:34,44.1667,52.1167,55.99,43,100,29.37
549,Guarapari,BR,2021-11-30 21:24:35,-20.6667,-40.4975,78.89,93,98,7.29
550,Umm Lajj,SA,2021-11-30 21:24:35,25.0213,37.2685,79.81,59,25,5.32
551,Sarangani,PH,2021-11-30 21:24:36,5.4033,125.4636,82.31,79,100,10.6
552,Belyy Yar,RU,2021-11-30 21:24:36,53.6039,91.3903,6.85,90,70,0.0
553,Balabac,PH,2021-11-30 21:24:37,7.9868,117.0645,80.89,81,100,9.37
554,Bilibino,RU,2021-11-30 21:24:37,68.0546,166.4372,1.38,98,100,2.71
555,Kamloops,CA,2021-11-30 21:21:02,50.6665,-120.3192,52.79,61,75,11.01
556,Kupang,ID,2021-11-30 21:24:38,-10.1667,123.5833,77.58,88,40,3.44
557,Callaguip,PH,2021-11-30 21:24:39,18.0714,120.4867,78.82,78,20,17.27
558,Valle De Allende,MX,2021-11-30 21:24:40,26.9333,-105.4,70.41,37,77,3.02
559,Vila Do Maio,CV,2021-11-30 21:24:40,15.1333,-23.2167,74.19,66,100,18.32
560,Hachinohe,JP,2021-11-30 21:24:41,40.5,141.5,61.52,66,100,17.67
561,Pampa,US,2021-11-30 21:24:41,35.5362,-100.9599,64.44,32,1,14.97
562,Abu Dhabi,AE,2021-11-30 21:23:51,24.4667,54.3667,75.22,67,0,5.75
563,Tolga,DZ,2021-11-30 21:24:42,34.7222,5.3785,50.81,59,2,3.04
564,Genhe,CN,2021-11-30 21:24:42,50.7833,121.5167,-8.46,100,61,1.95
565,Lixourion,GR,2021-11-30 21:24:43,38.2019,20.4314,53.4,55,7,24.18
566,Kenai,US,2021-11-30 21:24:44,60.5544,-151.2583,24.15,92,90,8.05
567,Alegrete,BR,2021-11-30 21:22:45,-29.7831,-55.7919,81.14,32,0,11.23
568,Alta Floresta,BR,2021-11-30 21:24:44,-9.8756,-56.0861,77.95,91,99,3.89
569,Puerto Madryn,AR,2021-11-30 21:20:54,-42.7692,-65.0385,77.18,25,39,32.64
570,Kalemie,CD,2021-11-30 21:24:45,-5.9475,29.1947,69.1,93,100,5.1
571,Natal,BR,2021-11-30 21:24:45,-5.795,-35.2094,83.05,78,20,10.36
572,Innisfail,AU,2021-11-30 21:24:46,-17.5333,146.0333,79.23,84,62,2.95
573,Labuhan,ID,2021-11-30 21:24:46,-6.8844,112.2051,77.05,90,100,6.04
574,Nara,JP,2021-11-30 21:24:47,34.6851,135.8049,55.49,56,100,17.45
575,Puerto Ayacucho,VE,2021-11-30 21:24:47,5.6639,-67.6236,88.34,61,91,1.7
576,Mercedes,AR,2021-11-30 21:24:48,-34.6515,-59.4307,79.86,36,0,9.75
577,Chermoz,RU,2021-11-30 21:24:48,58.787,56.1489,35.51,96,100,19.37
578,Codrington,AU,2021-11-30 21:24:49,-38.2667,141.9667,65.71,55,57,2.77
579,Kashirskoye,RU,2021-11-30 21:24:49,51.4194,39.6125,34.02,74,96,7.0
580,Lityn,UA,2021-11-30 21:24:49,49.3251,28.0809,29.37,65,17,12.88
581,Havelock,US,2021-11-30 21:22:00,34.8791,-76.9013,57.43,52,1,5.01
582,Tabou,CI,2021-11-30 21:24:50,4.423,-7.3528,79.59,81,89,5.26
583,Muravlenko,RU,2021-11-30 21:24:51,63.7898,74.523,-8.77,99,100,6.64
584,Sechelt,CA,2021-11-30 21:24:51,49.4664,-123.7694,52.32,94,100,11.23
585,Scarborough,GB,2021-11-30 21:24:52,54.2797,-0.4044,50.07,88,100,7.0
586,Coolum Beach,AU,2021-11-30 21:24:52,-26.5333,153.1,77.11,97,100,4.47
587,Raton,US,2021-11-30 21:24:53,36.9034,-104.4391,56.01,19,1,13.8
588,Jablanica,BA,2021-11-30 21:24:53,43.6603,17.7617,33.93,92,56,3.36
589,Lawton,US,2021-11-30 21:21:48,34.6087,-98.3903,79.27,30,1,5.75
590,Ihosy,MG,2021-11-30 21:24:54,-22.4,46.1167,70.92,82,46,6.8
591,Kathmandu,NP,2021-11-30 21:23:58,27.7167,85.3167,48.42,93,40,3.44
592,Dongying,CN,2021-11-30 21:24:54,37.4564,118.4856,32.85,50,0,9.13
593,Mumbwa,ZM,2021-11-30 21:24:55,-14.9783,27.0619,72.0,29,6,5.59
594,Chapais,CA,2021-11-30 21:24:55,49.7834,-74.8492,13.78,93,100,2.91
595,Jiancheng,CN,2021-11-30 21:24:56,30.391,104.5491,51.01,71,19,3.11
