City_ID,City,Country,Date,Lat,Lng,Max Temp,Humidity,Cloudiness,Wind Speed,Course Description
0,Auki,SB,2021-12-03 20:45:43,-8.7676,160.7034,80.58,79,100,1.45,overcast clouds
1,Hobart,AU,2021-12-03 20:45:44,-42.8794,147.3294,53.02,76,75,1.01,broken clouds
2,Port Alfred,ZA,2021-12-03 20:44:36,-33.5906,26.891,64.29,76,100,7.25,overcast clouds
3,Chokurdakh,RU,2021-12-03 20:45:44,70.6333,147.9167,-20.33,94,100,13.38,overcast clouds
4,Rikitea,PF,2021-12-03 20:44:20,-23.1203,-134.9692,76.59,74,64,14.32,light rain
5,Vila Velha,BR,2021-12-03 20:45:45,-20.3297,-40.2925,75.15,95,90,5.01,mist
6,Den Helder,NL,2021-12-03 20:45:46,52.9599,4.7593,46.38,96,75,8.01,broken clouds
7,New Norfolk,AU,2021-12-03 20:44:22,-42.7826,147.0587,52.66,67,98,5.01,overcast clouds
8,Airai,TL,2021-12-03 20:45:46,-8.9266,125.4092,61.0,88,86,3.13,overcast clouds
9,Albany,US,2021-12-03 20:41:28,42.6001,-73.9662,36.81,50,2,1.01,clear sky
10,Kodiak,US,2021-12-03 20:45:47,57.79,-152.4072,9.91,85,1,4.61,clear sky
11,Atuona,PF,2021-12-03 20:45:48,-9.8,-139.0333,78.64,73,5,17.0,clear sky
12,Quatre Cocos,MU,2021-12-03 20:45:49,-20.2078,57.7625,78.1,76,9,12.55,clear sky
13,Tasiilaq,GL,2021-12-03 20:45:49,65.6145,-37.6368,23.16,57,83,6.93,broken clouds
14,Ankang,CN,2021-12-03 20:45:50,32.68,109.0172,42.49,67,0,1.34,clear sky
15,Ushuaia,AR,2021-12-03 20:45:50,-54.8,-68.3,56.86,38,75,20.71,broken clouds
16,Port Macquarie,AU,2021-12-03 20:45:28,-31.4333,152.9167,70.9,94,40,0.0,scattered clouds
17,Port Moresby,PG,2021-12-03 20:45:51,-9.4431,147.1797,76.42,94,40,4.61,scattered clouds
18,Poso,ID,2021-12-03 20:45:51,-1.3959,120.7524,78.19,84,99,4.05,heavy intensity rain
19,Butaritari,KI,2021-12-03 20:45:52,3.0707,172.7902,82.47,70,69,14.14,broken clouds
20,Busselton,AU,2021-12-03 20:44:23,-33.65,115.3333,52.05,80,0,11.43,clear sky
21,Cape Town,ZA,2021-12-03 20:41:11,-33.9258,18.4232,63.12,63,20,5.01,few clouds
22,Ancud,CL,2021-12-03 20:45:53,-41.8697,-73.8203,63.93,63,2,4.97,clear sky
23,Arraial Do Cabo,BR,2021-12-03 20:44:19,-22.9661,-42.0278,75.16,73,75,9.22,broken clouds
24,Dalvik,IS,2021-12-03 20:45:54,65.9702,-18.5286,15.73,69,98,6.13,overcast clouds
25,Beringovskiy,RU,2021-12-03 20:45:54,63.05,179.3167,21.79,85,69,11.86,broken clouds
26,Avarua,CK,2021-12-03 20:45:54,-21.2078,-159.775,80.65,83,40,8.05,light rain
27,Mataura,NZ,2021-12-03 20:44:35,-46.1927,168.8643,59.49,99,100,4.09,overcast clouds
28,Ishigaki,JP,2021-12-03 20:45:55,24.3448,124.1572,67.39,52,83,20.09,broken clouds
29,Lillehammer,NO,2021-12-03 20:45:56,61.1146,10.4674,15.51,93,100,1.63,light snow
30,Rio Gallegos,AR,2021-12-03 20:42:33,-51.6226,-69.2181,69.85,28,0,21.85,clear sky
31,San Patricio,US,2021-12-03 20:45:56,28.017,-97.5169,84.61,53,2,11.01,clear sky
32,Tigil,RU,2021-12-03 20:45:57,57.8,158.6667,19.33,91,100,6.33,overcast clouds
33,Tessalit,ML,2021-12-03 20:45:57,20.1986,1.0114,71.89,16,94,10.07,overcast clouds
34,Port Blair,IN,2021-12-03 20:45:58,11.6667,92.75,79.29,83,10,7.81,clear sky
35,Namibe,AO,2021-12-03 20:45:58,-15.1961,12.1522,73.78,61,23,5.84,few clouds
36,Vaini,TO,2021-12-03 20:44:32,-21.2,-175.2,80.76,89,20,8.05,light rain
37,Faya,SA,2021-12-03 20:45:59,18.3851,42.4509,55.92,30,18,3.31,few clouds
38,Khatanga,RU,2021-12-03 20:44:38,71.9667,102.5,-19.01,98,100,14.36,light snow
39,Qaanaaq,GL,2021-12-03 20:44:31,77.484,-69.3632,8.65,95,100,0.27,light snow
40,Letcani,RO,2021-12-03 20:46:00,47.1833,27.4167,35.06,83,0,10.36,clear sky
41,Pietersburg,ZA,2021-12-03 20:46:00,-23.9045,29.4688,74.25,53,35,5.75,scattered clouds
42,Sitka,US,2021-12-03 20:46:01,57.0531,-135.33,30.09,69,40,6.91,light snow
43,Nuuk,GL,2021-12-03 20:46:01,64.1835,-51.7216,27.21,50,20,16.11,few clouds
44,Acapulco,MX,2021-12-03 20:42:11,16.8634,-99.8901,85.82,66,40,9.22,scattered clouds
45,Shakawe,BW,2021-12-03 20:46:02,-18.3667,21.85,82.78,33,81,4.18,broken clouds
46,Bluff,NZ,2021-12-03 20:46:02,-46.6,168.3333,59.81,93,100,5.28,overcast clouds
47,Salinas,US,2021-12-03 20:46:03,36.6777,-121.6555,62.2,75,90,3.44,overcast clouds
48,Esperance,AU,2021-12-03 20:46:03,-33.8667,121.9,53.44,84,0,10.38,clear sky
49,Punta Arenas,CL,2021-12-03 20:44:37,-53.15,-70.9167,57.31,44,75,25.32,broken clouds
50,Henties Bay,NA,2021-12-03 20:46:04,-22.116,14.2845,61.86,87,0,7.14,clear sky
51,Vallenar,CL,2021-12-03 20:46:05,-28.5708,-70.7581,81.54,25,0,8.72,clear sky
52,Xuddur,SO,2021-12-03 20:46:05,4.1213,43.8894,74.25,62,0,13.62,clear sky
53,Orange Cove,US,2021-12-03 20:46:05,36.6244,-119.3137,76.44,30,26,2.71,scattered clouds
54,Camacha,PT,2021-12-03 20:46:06,33.0833,-16.3333,61.56,59,75,14.97,broken clouds
55,Mehamn,NO,2021-12-03 20:46:06,71.0357,27.8492,23.18,85,0,14.97,clear sky
56,Omboue,GA,2021-12-03 20:46:07,-1.5746,9.2618,76.66,90,100,4.81,light rain
57,Cortez,US,2021-12-03 20:44:48,37.3489,-108.5859,61.41,33,1,11.5,clear sky
58,Mar Del Plata,AR,2021-12-03 20:44:21,-38.0023,-57.5575,63.09,92,90,4.0,light rain
59,Puerto Ayora,EC,2021-12-03 20:46:08,-0.7393,-90.3518,78.76,81,77,9.55,broken clouds
60,Victoria,HK,2021-12-03 20:43:49,22.2855,114.1577,63.32,37,38,10.0,scattered clouds
61,Salalah,OM,2021-12-03 20:46:09,17.0151,54.0924,75.29,64,0,2.3,clear sky
62,Sinnamary,GF,2021-12-03 20:44:33,5.3833,-52.95,78.48,84,73,7.76,broken clouds
63,Maniitsoq,GL,2021-12-03 20:46:10,65.4167,-52.9,23.34,57,100,24.32,overcast clouds
64,Chumikan,RU,2021-12-03 20:46:10,54.7183,135.315,-15.39,93,28,13.85,scattered clouds
65,Lavrentiya,RU,2021-12-03 20:46:11,65.5833,-171.0,12.52,94,100,14.67,snow
66,Georgetown,MY,2021-12-03 20:45:46,5.4112,100.3354,78.89,85,20,0.0,few clouds
67,Kautokeino,NO,2021-12-03 20:46:11,69.0125,23.0412,-2.52,100,100,1.86,overcast clouds
68,Sakakah,SA,2021-12-03 20:46:10,29.9697,40.2064,54.97,43,100,9.13,overcast clouds
69,Kapaa,US,2021-12-03 20:41:09,22.0752,-159.319,75.18,85,90,5.99,moderate rain
70,Cidreira,BR,2021-12-03 20:46:13,-30.1811,-50.2056,69.4,75,32,19.75,scattered clouds
71,Cherskiy,RU,2021-12-03 20:44:27,68.75,161.3,-8.93,97,100,13.98,light snow
72,Tuatapere,NZ,2021-12-03 20:46:13,-46.1333,167.6833,59.83,92,100,2.08,light rain
73,Iqaluit,CA,2021-12-03 20:46:14,63.7506,-68.5145,8.33,78,40,8.01,scattered clouds
74,Hermanus,ZA,2021-12-03 20:46:14,-34.4187,19.2345,62.91,72,44,12.5,scattered clouds
75,Narsaq,GL,2021-12-03 20:46:15,60.9167,-46.05,19.62,62,71,11.1,broken clouds
76,Thompson,CA,2021-12-03 20:46:16,55.7435,-97.8558,-2.04,71,75,11.5,broken clouds
77,Bathsheba,BB,2021-12-03 20:46:16,13.2167,-59.5167,83.01,69,20,17.27,few clouds
78,Provideniya,RU,2021-12-03 20:46:17,64.3833,-173.3,29.5,98,100,7.72,snow
79,Nyrob,RU,2021-12-03 20:44:35,60.733,56.7202,0.28,100,98,2.71,overcast clouds
80,Lokoja,NG,2021-12-03 20:46:17,7.8024,6.743,82.85,27,50,2.62,scattered clouds
81,Samarai,PG,2021-12-03 20:46:18,-10.6167,150.6667,81.66,79,59,5.7,broken clouds
82,Ozinki,RU,2021-12-03 20:46:18,51.1786,49.6769,39.02,74,100,17.67,overcast clouds
83,Jamestown,US,2021-12-03 20:44:34,42.097,-79.2353,37.02,79,90,4.0,overcast clouds
84,Bredasdorp,ZA,2021-12-03 20:44:30,-34.5322,20.0403,61.29,70,89,7.43,overcast clouds
85,Atar,MR,2021-12-03 20:46:19,20.5169,-13.0499,69.8,26,78,10.27,broken clouds
86,Novovasylivka,UA,2021-12-03 20:46:20,46.8315,35.7536,50.49,84,100,15.79,overcast clouds
87,Oktyabrskoye,RU,2021-12-03 20:46:21,43.0645,44.7417,19.54,93,0,4.47,clear sky
88,Mackenzie,CA,2021-12-03 20:45:33,55.2999,-123.1698,25.02,68,90,8.05,overcast clouds
89,Eskilstuna,SE,2021-12-03 20:46:21,59.3666,16.5077,23.04,91,12,3.33,few clouds
90,Dosso,NE,2021-12-03 20:46:22,13.049,3.1937,78.64,15,36,9.15,scattered clouds
91,Kruisfontein,ZA,2021-12-03 20:46:22,-34.0033,24.7314,57.88,85,100,3.78,overcast clouds
92,Jasper,US,2021-12-03 20:45:34,37.2001,-94.3502,74.35,61,1,1.01,clear sky
93,Chapais,CA,2021-12-03 20:46:23,49.7834,-74.8492,4.78,92,100,10.13,overcast clouds
94,Horn Lake,US,2021-12-03 20:46:23,34.9554,-90.0348,76.03,57,75,11.01,broken clouds
95,Los Llanos De Aridane,ES,2021-12-03 20:46:24,28.6585,-17.9182,62.13,68,75,17.0,broken clouds
96,Oksfjord,NO,2021-12-03 20:46:24,70.2396,22.3479,20.32,91,40,11.54,scattered clouds
97,Port Lincoln,AU,2021-12-03 20:46:25,-34.7333,135.8667,57.69,69,4,11.45,clear sky
98,Pitimbu,BR,2021-12-03 20:46:25,-7.4706,-34.8086,82.99,79,39,10.51,scattered clouds
99,Carnarvon,AU,2021-12-03 20:44:35,-24.8667,113.6333,69.87,88,40,16.11,scattered clouds
100,Ekhabi,RU,2021-12-03 20:46:26,53.5102,142.9671,7.79,94,71,13.96,broken clouds
101,Faanui,PF,2021-12-03 20:46:26,-16.4833,-151.75,81.68,69,31,19.19,scattered clouds
102,Vardo,NO,2021-12-03 20:46:27,70.3705,31.1107,28.38,74,40,9.22,light snow
103,Kloulklubed,PW,2021-12-03 20:46:27,7.0419,134.2556,81.1,67,100,15.68,overcast clouds
104,Olafsvik,IS,2021-12-03 20:46:28,64.8945,-23.7142,36.07,71,100,4.54,overcast clouds
105,Dire Dawa,ET,2021-12-03 20:46:29,9.5931,41.8661,64.45,59,0,1.25,clear sky
106,Novikovo,RU,2021-12-03 20:46:29,51.1537,37.8879,45.68,86,100,17.94,overcast clouds
107,Coquimbo,CL,2021-12-03 20:46:30,-29.9533,-71.3436,64.13,67,0,14.97,clear sky
108,Hasanpur,IN,2021-12-03 20:46:30,28.7167,78.2833,62.02,56,0,5.35,clear sky
109,Teteven,BG,2021-12-03 20:46:31,42.9167,24.2667,43.63,91,100,2.37,overcast clouds
110,Gimli,CA,2021-12-03 20:42:15,50.6336,-96.9907,29.43,54,60,13.8,broken clouds
111,Ilulissat,GL,2021-12-03 20:46:32,69.2167,-51.1,15.82,62,20,33.38,few clouds
112,Upernavik,GL,2021-12-03 20:46:33,72.7868,-56.1549,13.91,79,53,7.96,broken clouds
113,Aykhal,RU,2021-12-03 20:46:33,66.0,111.5,-9.35,99,100,8.61,light snow
114,Saint-Philippe,RE,2021-12-03 20:46:33,-21.3585,55.7679,78.35,85,16,9.4,few clouds
115,Noumea,NC,2021-12-03 20:46:34,-22.2763,166.4572,81.0,99,100,6.44,overcast clouds
116,Kralendijk,BQ,2021-12-03 20:46:34,12.15,-68.2667,84.18,74,40,16.11,scattered clouds
117,Hobyo,SO,2021-12-03 20:46:35,5.3505,48.5268,78.66,69,10,14.47,clear sky
118,Tura,IN,2021-12-03 20:46:35,25.5198,90.2201,62.46,87,94,2.8,overcast clouds
119,Isabela,PH,2021-12-03 20:46:36,6.7085,121.9711,79.29,85,92,8.14,overcast clouds
120,Tuktoyaktuk,CA,2021-12-03 20:46:36,69.4541,-133.0374,-18.4,69,75,13.8,broken clouds
121,Shingu,JP,2021-12-03 20:46:37,33.7333,135.9833,45.59,80,36,5.57,scattered clouds
122,Tilichiki,RU,2021-12-03 20:46:37,60.4667,166.1,21.2,76,53,17.92,broken clouds
123,Tual,ID,2021-12-03 20:46:38,-5.6667,132.75,83.28,72,100,3.24,overcast clouds
124,Sola,VU,2021-12-03 20:46:38,-13.8833,167.55,81.9,73,66,15.32,broken clouds
125,Mogadishu,SO,2021-12-03 20:46:39,2.0371,45.3438,79.79,74,4,15.46,clear sky
126,Kefalos,GR,2021-12-03 20:46:39,36.7453,26.9589,62.82,77,40,17.27,scattered clouds
127,Smithers,CA,2021-12-03 20:45:09,54.7804,-127.1743,28.72,80,75,6.91,light snow
128,Kaitangata,NZ,2021-12-03 20:46:40,-46.2817,169.8464,57.9,98,100,3.85,moderate rain
129,Ixtapa,MX,2021-12-03 20:46:41,20.7,-105.2,89.26,47,4,6.93,clear sky
130,Hithadhoo,MV,2021-12-03 20:46:41,-0.6,73.0833,81.34,78,8,10.33,clear sky
131,Dubai,AE,2021-12-03 20:42:49,25.2582,55.3047,76.21,64,20,5.75,few clouds
132,Vila Franca Do Campo,PT,2021-12-03 20:46:42,37.7167,-25.4333,63.19,74,23,2.66,few clouds
133,San Pedro,PH,2021-12-03 20:46:42,14.35,121.0167,75.09,78,20,3.44,few clouds
134,Howard Springs,AU,2021-12-03 20:46:43,-12.497,131.047,82.31,99,100,2.59,overcast clouds
135,Pevek,RU,2021-12-03 20:46:43,69.7008,170.3133,-2.94,89,100,20.85,overcast clouds
136,Mandawar,IN,2021-12-03 20:46:44,29.5,78.1333,60.55,75,0,4.85,clear sky
137,Mahebourg,MU,2021-12-03 20:46:44,-20.4081,57.7,78.26,83,20,8.05,few clouds
138,Castro,BR,2021-12-03 20:41:53,-24.7911,-50.0119,70.0,70,53,9.26,broken clouds
139,Totma,RU,2021-12-03 20:46:45,59.9747,42.7642,17.4,95,100,9.37,light snow
140,Bambous Virieux,MU,2021-12-03 20:46:45,-20.3428,57.7575,78.22,83,20,8.05,few clouds
141,Dikson,RU,2021-12-03 20:46:46,73.5069,80.5464,-22.79,94,96,14.43,overcast clouds
142,Hilo,US,2021-12-03 20:42:08,19.7297,-155.09,82.8,72,20,4.61,few clouds
143,Hasaki,JP,2021-12-03 20:46:47,35.7333,140.8333,34.2,64,0,7.94,clear sky
144,Sidi Ali,DZ,2021-12-03 20:46:47,36.0998,0.4206,51.19,60,5,7.74,clear sky
145,Broken Hill,AU,2021-12-03 20:46:48,-31.95,141.4333,58.71,51,35,14.97,scattered clouds
146,Anamur,TR,2021-12-03 20:46:49,36.0751,32.8369,57.22,78,100,7.52,overcast clouds
147,Leshukonskoye,RU,2021-12-03 20:46:49,64.8989,45.7622,-8.27,100,8,3.31,clear sky
148,Dutlwe,BW,2021-12-03 20:46:50,-23.9833,23.9,82.08,34,49,5.06,scattered clouds
149,Gorontalo,ID,2021-12-03 20:46:50,0.5412,123.0595,75.45,95,100,3.4,overcast clouds
150,Longyearbyen,SJ,2021-12-03 20:44:25,78.2186,15.6401,35.44,60,40,19.57,scattered clouds
151,Boguchany,RU,2021-12-03 20:46:51,58.3814,97.4531,32.45,96,100,11.54,light snow
152,Hamilton,US,2021-12-03 20:45:29,39.1834,-84.5333,61.77,50,1,3.0,clear sky
153,Yellowknife,CA,2021-12-03 20:45:35,62.456,-114.3525,-8.59,90,90,13.8,light snow
154,Dunedin,NZ,2021-12-03 20:42:52,-45.8742,170.5036,58.41,97,100,3.44,overcast clouds
155,Fairbanks,US,2021-12-03 20:46:52,64.8378,-147.7164,-21.01,72,1,0.0,clear sky
156,Goundi,TD,2021-12-03 20:46:52,9.3627,17.366,80.83,27,80,3.98,broken clouds
157,Saran,FR,2021-12-03 20:46:53,47.9501,1.876,48.81,94,90,16.11,light rain
158,Ribeira Grande,PT,2021-12-03 20:46:54,38.5167,-28.7,64.8,88,40,3.44,scattered clouds
159,Drochia,MD,2021-12-03 20:46:55,48.035,27.8161,32.32,81,98,7.87,overcast clouds
160,Kalabo,ZM,2021-12-03 20:46:55,-14.97,22.6814,80.78,45,95,3.36,overcast clouds
161,Mount Gambier,AU,2021-12-03 20:46:56,-37.8333,140.7667,51.71,87,40,1.14,scattered clouds
162,Arlit,NE,2021-12-03 20:46:56,18.7369,7.3853,73.56,13,1,6.42,clear sky
163,Bramming,DK,2021-12-03 20:46:57,55.4695,8.7001,44.55,93,40,11.5,scattered clouds
164,Yar-Sale,RU,2021-12-03 20:46:57,66.8333,70.8333,-10.84,92,100,9.8,overcast clouds
165,Neuquen,AR,2021-12-03 20:44:35,-38.9516,-68.0591,60.69,72,75,0.0,light rain
166,Aloleng,PH,2021-12-03 20:46:58,16.1307,119.7824,77.34,62,100,11.92,overcast clouds
167,Ostrovnoy,RU,2021-12-03 20:46:59,68.0531,39.5131,22.75,68,100,10.71,overcast clouds
168,Torbat-E Jam,IR,2021-12-03 20:46:59,35.244,60.6225,42.21,78,100,5.12,overcast clouds
169,Inhambane,MZ,2021-12-03 20:46:59,-23.865,35.3833,76.14,96,15,8.77,few clouds
170,Nyurba,RU,2021-12-03 20:47:00,63.2842,118.3319,-0.44,96,100,7.9,light snow
171,Goderich,CA,2021-12-03 20:47:01,43.7501,-81.7165,35.91,75,99,2.3,overcast clouds
172,Saint-Augustin,CA,2021-12-03 20:43:09,51.226,-58.6502,38.21,100,100,6.73,overcast clouds
173,Guerrero Negro,MX,2021-12-03 20:44:34,27.9769,-114.0611,70.05,56,0,14.09,clear sky
174,Tiksi,RU,2021-12-03 20:47:01,71.6872,128.8694,-32.28,99,52,5.66,broken clouds
175,Lasa,IT,2021-12-03 20:47:02,46.6166,10.7002,27.48,47,52,2.64,broken clouds
176,Revelstoke,CA,2021-12-03 20:42:13,50.9832,-118.2023,32.02,74,1,3.44,clear sky
177,Yatou,CN,2021-12-03 20:42:20,37.15,122.3833,37.74,64,3,7.81,clear sky
178,Katsuura,JP,2021-12-03 20:47:03,35.1333,140.3,46.51,63,0,11.97,clear sky
179,Nantucket,US,2021-12-03 20:42:54,41.2835,-70.0995,42.94,54,42,27.47,scattered clouds
180,Sao Joao Da Barra,BR,2021-12-03 20:47:04,-21.6403,-41.0511,71.69,80,85,7.36,overcast clouds
181,Adrar,MR,2021-12-03 20:47:04,20.5022,-10.0711,67.68,22,100,9.69,overcast clouds
182,Rivadavia,AR,2021-12-03 20:47:05,-33.1905,-68.4608,72.07,60,54,21.99,broken clouds
183,Pauini,BR,2021-12-03 20:47:05,-7.7136,-66.9764,77.88,94,99,2.26,overcast clouds
184,Nikolskoye,RU,2021-12-03 20:47:06,59.7035,30.7861,23.02,95,100,6.96,overcast clouds
185,Rawson,AR,2021-12-03 20:47:06,-43.3002,-65.1023,67.8,34,2,23.42,clear sky
186,Najran,SA,2021-12-03 20:47:07,17.4924,44.1277,56.05,30,2,1.99,clear sky
187,Podebrady,CZ,2021-12-03 20:45:00,50.1424,15.1188,34.18,70,92,10.2,overcast clouds
188,Maracacume,BR,2021-12-03 20:47:07,-2.0428,-45.9592,77.05,91,93,3.13,heavy intensity rain
189,Orotina,CR,2021-12-03 20:47:08,9.912,-84.5234,84.96,71,81,2.71,broken clouds
190,Tatawin,TN,2021-12-03 20:47:09,32.9297,10.4518,49.08,65,1,14.9,clear sky
191,Waipawa,NZ,2021-12-03 20:47:10,-41.4122,175.5153,63.23,68,100,7.25,light rain
192,Isangel,VU,2021-12-03 20:47:10,-19.55,169.2667,73.51,88,20,0.0,few clouds
193,Yangjiang,CN,2021-12-03 20:47:11,21.85,111.9667,53.96,37,66,5.97,broken clouds
194,Bintulu,MY,2021-12-03 20:47:12,3.1667,113.0333,75.61,100,40,3.0,light rain
195,Bubaque,GW,2021-12-03 20:47:12,11.2833,-15.8333,82.09,73,92,12.88,overcast clouds
196,Richards Bay,ZA,2021-12-03 20:47:13,-28.783,32.0377,69.51,86,100,2.46,overcast clouds
197,Moen,NO,2021-12-03 20:47:13,69.1304,18.6123,17.67,84,0,0.0,clear sky
198,Benghazi,LY,2021-12-03 20:47:14,32.1167,20.0667,67.33,40,100,4.41,overcast clouds
199,Brasilia De Minas,BR,2021-12-03 20:47:14,-16.2064,-44.4333,72.95,88,79,4.88,broken clouds
200,Vao,NC,2021-12-03 20:47:15,-22.6667,167.4833,76.35,77,91,15.3,overcast clouds
201,Ponta Do Sol,PT,2021-12-03 20:47:15,32.6667,-17.1,65.03,67,73,9.86,broken clouds
202,Berzunti,RO,2021-12-03 20:47:16,46.4,26.6333,35.65,83,100,2.91,overcast clouds
203,Sur,OM,2021-12-03 20:45:20,22.5667,59.5289,73.08,57,0,6.06,clear sky
204,Lakes Entrance,AU,2021-12-03 20:47:17,-37.8811,147.981,57.58,68,50,10.76,scattered clouds
205,Tawang,IN,2021-12-03 20:47:17,27.5833,91.8667,41.36,85,99,3.13,overcast clouds
206,Fortuna,US,2021-12-03 20:47:18,40.5982,-124.1573,50.92,100,75,3.44,broken clouds
207,Kaoma,ZM,2021-12-03 20:47:19,-14.7833,24.8,73.98,48,59,5.12,broken clouds
208,Kem,RU,2021-12-03 20:47:19,64.9555,34.5793,13.39,82,84,6.15,broken clouds
209,Sao Filipe,CV,2021-12-03 20:47:20,14.8961,-24.4956,75.63,70,83,13.53,broken clouds
210,Vostok,RU,2021-12-03 20:47:20,46.4856,135.8833,-4.5,98,91,3.31,overcast clouds
211,Key West,US,2021-12-03 20:43:21,24.5557,-81.7826,75.99,64,1,10.36,clear sky
212,Raudeberg,NO,2021-12-03 20:47:21,61.9875,5.1352,32.67,80,100,1.01,light snow
213,Swanton,US,2021-12-03 20:47:22,41.5887,-83.8911,41.14,90,90,4.61,overcast clouds
214,Koulamoutou,GA,2021-12-03 20:47:22,-1.1303,12.4736,72.46,97,100,1.7,overcast clouds
215,Harrisonburg,US,2021-12-03 20:47:23,38.4496,-78.8689,63.09,34,1,0.0,clear sky
216,Lodja,CD,2021-12-03 20:47:23,-3.4833,23.4333,71.11,95,100,2.28,overcast clouds
217,Augusto Correa,BR,2021-12-03 20:47:24,-1.0217,-46.635,78.55,84,100,4.21,light rain
218,Pacific Grove,US,2021-12-03 20:47:24,36.6177,-121.9166,61.81,80,40,3.0,scattered clouds
219,Kismayo,SO,2021-12-03 20:47:25,-0.3582,42.5454,79.97,77,60,9.98,broken clouds
220,Havelock,US,2021-12-03 20:44:53,34.8791,-76.9013,74.01,57,1,4.0,clear sky
221,Kieta,PG,2021-12-03 20:47:25,-6.2167,155.6333,81.59,76,8,2.59,clear sky
222,Makakilo City,US,2021-12-03 20:43:50,21.3469,-158.0858,77.61,81,90,10.36,light rain
223,Pontal Do Parana,BR,2021-12-03 20:47:26,-25.6533,-48.5128,76.73,60,0,9.22,clear sky
224,Saint George,US,2021-12-03 20:44:20,37.1041,-113.5841,72.07,25,1,3.0,clear sky
225,Port Elizabeth,ZA,2021-12-03 20:44:20,-33.918,25.5701,61.09,82,0,2.3,clear sky
226,Sioux Lookout,CA,2021-12-03 20:47:27,50.1001,-91.917,26.98,93,90,8.05,light snow
227,Bethel,US,2021-12-03 20:47:27,41.3712,-73.414,44.96,50,1,4.0,clear sky
228,Laguna,US,2021-12-03 20:44:15,38.421,-121.4238,76.23,100,90,0.0,fog
229,Calama,CL,2021-12-03 20:47:28,-22.4667,-68.9333,73.89,10,0,20.71,clear sky
230,Hare Bay,CA,2021-12-03 20:47:28,48.8499,-54.0148,52.95,85,100,18.14,overcast clouds
231,Palmer,US,2021-12-03 20:47:29,42.1584,-72.3287,40.55,44,20,5.01,few clouds
232,Kendari,ID,2021-12-03 20:47:29,-3.945,122.4989,75.56,92,100,3.22,overcast clouds
233,Iberia,US,2021-12-03 20:47:30,29.9502,-91.7507,76.08,53,1,3.44,clear sky
234,Thinadhoo,MV,2021-12-03 20:47:30,0.5333,72.9333,81.66,79,20,10.83,few clouds
235,Turukhansk,RU,2021-12-03 20:47:31,65.8167,87.9833,2.71,96,100,14.5,light snow
236,Salinopolis,BR,2021-12-03 20:47:31,-0.6136,-47.3561,79.9,82,98,7.87,overcast clouds
237,Taungdwingyi,MM,2021-12-03 20:47:32,20.0167,95.55,66.96,80,100,2.73,overcast clouds
238,Half Moon Bay,US,2021-12-03 20:45:58,37.4636,-122.4286,59.61,83,90,0.0,mist
239,Barrow,US,2021-12-03 20:44:27,71.2906,-156.7887,-16.58,69,1,21.85,haze
240,Malindi,KE,2021-12-03 20:47:33,-3.2175,40.1191,79.23,79,12,6.93,light rain
241,Bad Kreuznach,DE,2021-12-03 20:47:34,49.8333,7.8667,38.75,83,100,15.75,overcast clouds
242,Imeni Poliny Osipenko,RU,2021-12-03 20:47:34,52.4201,136.4853,-25.15,100,71,0.63,broken clouds
243,Odweyne,SO,2021-12-03 20:47:35,9.4092,45.064,63.12,38,2,7.49,clear sky
244,Ikalamavony,MG,2021-12-03 20:47:35,-21.15,46.5833,69.17,75,13,5.5,few clouds
245,Poltavka,RU,2021-12-03 20:47:36,54.3663,71.7632,26.19,92,100,15.26,light snow
246,Livadia,GR,2021-12-03 20:47:36,38.435,22.8739,62.11,84,100,5.41,overcast clouds
247,Saskylakh,RU,2021-12-03 20:47:37,71.9167,114.0833,-23.58,96,100,11.05,overcast clouds
248,Alofi,NU,2021-12-03 20:47:37,-19.0595,-169.9187,80.49,83,75,10.36,broken clouds
249,Bodden Town,KY,2021-12-03 20:47:38,19.2833,-81.25,84.2,73,20,10.0,few clouds
250,Bengkulu,ID,2021-12-03 20:47:38,-3.8004,102.2655,76.59,89,100,5.44,moderate rain
251,Codrington,AU,2021-12-03 20:47:39,-38.2667,141.9667,56.75,76,98,13.2,overcast clouds
252,Kaeo,NZ,2021-12-03 20:47:39,-35.1,173.7833,70.32,85,100,8.52,light rain
253,Arroyo,ES,2021-12-03 20:47:40,41.6096,-4.7969,45.61,85,33,7.94,scattered clouds
254,Nanortalik,GL,2021-12-03 20:47:40,60.1432,-45.2371,27.28,53,98,7.7,overcast clouds
255,Lebu,CL,2021-12-03 20:47:41,-37.6167,-73.65,56.48,74,0,18.7,clear sky
256,East London,ZA,2021-12-03 20:47:41,-33.0153,27.9116,64.36,73,99,8.63,overcast clouds
257,Soure,BR,2021-12-03 20:47:42,-0.7167,-48.5233,80.35,80,87,8.7,moderate rain
258,Avera,US,2021-12-03 20:47:42,33.194,-82.5271,80.71,31,12,6.93,few clouds
259,Kerema,PG,2021-12-03 20:47:42,-7.9631,145.7785,79.07,85,100,2.75,overcast clouds
260,Boffa,GN,2021-12-03 20:47:43,10.1667,-14.0333,81.5,80,78,3.89,broken clouds
261,Pravia,ES,2021-12-03 20:47:43,43.4906,-6.1508,57.07,71,40,6.91,scattered clouds
262,Norman Wells,CA,2021-12-03 20:47:44,65.282,-126.8329,-36.36,61,20,2.3,few clouds
263,Champoton,MX,2021-12-03 20:47:44,19.35,-90.7167,77.68,78,94,10.16,overcast clouds
264,Florida,US,2021-12-03 20:47:45,28.7505,-82.5001,76.08,72,1,1.01,clear sky
265,Alugan,PH,2021-12-03 20:47:46,12.2188,125.4808,78.31,74,100,15.28,overcast clouds
266,Villacidro,IT,2021-12-03 20:47:46,39.4578,8.7406,44.49,82,6,6.17,clear sky
267,Palana,RU,2021-12-03 20:47:46,59.1167,159.9667,22.51,87,100,20.33,snow
268,Kattivakkam,IN,2021-12-03 20:47:47,13.2167,80.3167,78.08,89,91,9.31,overcast clouds
269,Phangnga,TH,2021-12-03 20:47:47,8.4509,98.5298,78.84,96,100,3.83,overcast clouds
270,Mao,ES,2021-12-03 20:47:48,39.8885,4.2658,46.96,71,20,5.75,few clouds
271,Zarand,IR,2021-12-03 20:47:49,30.8127,56.564,43.66,77,1,3.83,clear sky
272,Klaksvik,FO,2021-12-03 20:47:49,62.2266,-6.589,36.52,67,36,4.12,scattered clouds
273,Coronado,US,2021-12-03 20:47:50,32.6859,-117.1831,76.5,71,40,9.22,scattered clouds
274,Bauchi,NG,2021-12-03 20:47:50,10.5,10.0,71.82,29,18,4.16,few clouds
275,Nelson Bay,AU,2021-12-03 20:47:51,-32.7167,152.15,70.11,96,68,5.73,broken clouds
276,Benguela,AO,2021-12-03 20:47:51,-12.5763,13.4055,77.7,83,100,6.62,light rain
277,Berlevag,NO,2021-12-03 20:47:52,70.8578,29.0864,17.4,67,0,6.91,clear sky
278,Ponta Delgada,PT,2021-12-03 20:47:53,37.7333,-25.6667,63.5,88,40,8.05,scattered clouds
279,Diego De Almagro,CL,2021-12-03 20:47:53,-26.3667,-70.05,79.7,14,15,11.92,few clouds
280,Srednekolymsk,RU,2021-12-03 20:47:54,67.45,153.6833,-14.82,97,100,15.5,light snow
281,Byron Bay,AU,2021-12-03 20:47:54,-28.65,153.6167,76.05,85,28,3.78,scattered clouds
282,Pangody,RU,2021-12-03 20:47:55,65.85,74.4859,-15.52,90,98,7.58,overcast clouds
283,Ahuimanu,US,2021-12-03 20:47:56,21.4447,-157.8378,79.45,83,90,16.11,light rain
284,Souillac,MU,2021-12-03 20:47:56,-20.5167,57.5167,78.37,83,20,8.05,few clouds
285,Avanigadda,IN,2021-12-03 20:47:57,16.0215,80.9181,67.17,80,27,3.11,light rain
286,Nogliki,RU,2021-12-03 20:47:57,51.8333,143.1667,-1.16,88,84,12.24,broken clouds
287,Aswan,EG,2021-12-03 20:47:58,24.0934,32.907,69.1,37,0,9.22,clear sky
288,College,US,2021-12-03 20:47:58,64.8569,-147.8028,-21.01,72,1,0.0,clear sky
289,Moron,AR,2021-12-03 20:47:59,-34.6534,-58.6198,77.02,45,37,5.99,scattered clouds
290,Hay River,CA,2021-12-03 20:45:33,60.8156,-115.7999,-5.82,77,75,16.11,light snow
291,Kirksville,US,2021-12-03 20:47:59,40.1948,-92.5833,61.05,49,1,4.0,clear sky
292,Peniche,PT,2021-12-03 20:48:00,39.3558,-9.3811,55.62,80,38,8.03,scattered clouds
293,Emba,KZ,2021-12-03 20:48:00,48.8264,58.1442,28.62,91,28,7.56,scattered clouds
294,Vrangel,RU,2021-12-03 20:48:01,42.7297,133.0839,21.96,66,46,11.83,scattered clouds
295,Marsaxlokk,MT,2021-12-03 20:48:01,35.8419,14.5431,56.08,76,20,14.97,few clouds
296,Yulara,AU,2021-12-03 20:48:02,-25.2406,130.9889,78.64,31,0,9.22,clear sky
297,Flinders,AU,2021-12-03 20:48:02,-34.5833,150.8552,66.18,89,100,5.77,overcast clouds
298,Aksarka,RU,2021-12-03 20:48:03,66.5606,67.7975,-10.1,92,100,9.69,overcast clouds
299,Boldumsaz,TM,2021-12-03 20:48:03,42.1282,59.671,37.45,68,100,9.42,overcast clouds
300,Bambanglipuro,ID,2021-12-03 20:48:03,-7.95,110.2833,77.38,87,97,4.74,overcast clouds
301,West Wendover,US,2021-12-03 20:48:04,40.7391,-114.0733,42.01,56,1,5.75,clear sky
302,Coruripe,BR,2021-12-03 20:45:03,-10.1256,-36.1756,79.7,80,14,14.45,few clouds
303,Korla,CN,2021-12-03 20:48:05,41.7597,86.1469,25.72,50,55,2.98,broken clouds
304,Nishihara,JP,2021-12-03 20:48:06,26.1842,127.7558,63.68,57,90,4.61,overcast clouds
305,Severo-Kurilsk,RU,2021-12-03 20:48:06,50.6789,156.125,38.41,90,100,14.83,overcast clouds
306,Lerwick,GB,2021-12-03 20:48:07,60.1545,-1.1494,42.8,71,34,8.19,scattered clouds
307,Shimoda,JP,2021-12-03 20:48:07,34.6667,138.95,52.88,64,0,25.34,clear sky
308,Cabo San Lucas,MX,2021-12-03 20:44:24,22.8909,-109.9124,90.7,65,92,3.0,overcast clouds
309,Ouargaye,BF,2021-12-03 20:48:08,11.5033,0.0572,83.62,17,9,7.43,clear sky
310,Agadir,MA,2021-12-03 20:44:17,30.4202,-9.5982,55.85,54,0,3.56,clear sky
311,San Carlos De Bariloche,AR,2021-12-03 20:48:09,-41.1456,-71.3082,65.95,30,75,6.91,broken clouds
312,Kentau,KZ,2021-12-03 20:48:09,43.5206,68.5094,46.74,52,100,10.83,overcast clouds
313,Coihaique,CL,2021-12-03 20:46:27,-45.5752,-72.0662,67.95,30,20,8.05,few clouds
314,Dingle,PH,2021-12-03 20:48:10,10.9995,122.6711,72.48,92,99,8.25,overcast clouds
315,Sandovo,RU,2021-12-03 20:48:10,58.4602,36.4128,28.92,97,100,8.14,light snow
316,Gemena,CD,2021-12-03 20:48:11,3.25,19.7667,71.01,97,100,2.35,light rain
317,Aklavik,CA,2021-12-03 20:48:12,68.2191,-135.0107,-24.77,68,40,4.61,scattered clouds
318,Nongstoin,IN,2021-12-03 20:48:12,25.5167,91.2667,52.41,54,81,3.47,broken clouds
319,Cururupu,BR,2021-12-03 20:48:13,-1.8283,-44.8683,77.34,88,89,3.36,overcast clouds
320,Kuito,AO,2021-12-03 20:48:13,-12.3833,16.9333,61.16,86,100,3.91,overcast clouds
321,Masuguru,TZ,2021-12-03 20:48:14,-11.3667,38.4167,77.54,66,39,7.38,scattered clouds
322,Thaba-Tseka,LS,2021-12-03 20:48:15,-29.522,28.6084,60.01,55,99,0.87,overcast clouds
323,Nome,US,2021-12-03 20:48:15,64.5011,-165.4064,6.87,78,90,29.93,fog
324,Santa Luzia,BR,2021-12-03 20:48:15,-19.7697,-43.8514,66.34,94,75,11.5,thunderstorm with rain
325,Mabaruma,GY,2021-12-03 20:48:16,8.2,-59.7833,79.32,80,93,4.9,overcast clouds
326,Grand-Santi,GF,2021-12-03 20:48:17,4.25,-54.3833,75.65,96,75,2.55,broken clouds
327,Meulaboh,ID,2021-12-03 20:48:17,4.1363,96.1285,75.87,84,99,3.15,overcast clouds
328,Singarayakonda,IN,2021-12-03 20:48:18,15.25,80.0333,71.26,78,99,3.4,overcast clouds
329,Jinchang,CN,2021-12-03 20:48:19,38.4953,102.1739,31.17,24,0,3.11,clear sky
330,Gasa,PS,2021-12-03 20:48:19,31.5,34.4667,59.92,60,100,4.21,overcast clouds
331,Qaqortoq,GL,2021-12-03 20:48:20,60.7167,-46.0333,19.9,63,91,10.94,overcast clouds
332,Muros,ES,2021-12-03 20:48:20,42.7762,-9.0603,57.24,94,53,15.37,broken clouds
333,Palaikastron,GR,2021-12-03 20:48:21,35.2,26.25,64.74,66,100,20.27,overcast clouds
334,Gat,IL,2021-12-03 20:48:21,31.61,34.7642,62.4,60,100,1.21,overcast clouds
335,Leninskoye,KZ,2021-12-03 20:48:22,41.7589,69.3864,49.78,42,100,4.09,overcast clouds
336,Jutai,BR,2021-12-03 20:48:22,-5.1833,-68.9,77.47,91,100,1.72,moderate rain
337,Udachnyy,RU,2021-12-03 20:48:23,66.4167,112.4,-7.87,98,100,13.91,light snow
338,Nizhniy Kuranakh,RU,2021-12-03 20:48:23,58.8353,125.4869,-1.75,98,100,3.24,light snow
339,Te Anau,NZ,2021-12-03 20:48:24,-45.4167,167.7167,57.85,98,100,1.77,overcast clouds
340,North Bend,US,2021-12-03 20:48:24,43.4065,-124.2243,56.16,88,1,3.44,clear sky
341,Bridlington,GB,2021-12-03 20:48:25,54.0831,-0.1919,43.02,89,62,9.98,broken clouds
342,Prince Rupert,CA,2021-12-03 20:45:34,54.3161,-130.3201,38.89,89,90,14.97,mist
343,Port Hardy,CA,2021-12-03 20:48:25,50.6996,-127.4199,41.76,87,75,3.44,broken clouds
344,Campobasso,IT,2021-12-03 20:48:26,41.6333,14.5833,43.81,85,95,7.27,overcast clouds
345,Mareeba,AU,2021-12-03 20:48:26,-17.0,145.4333,76.44,85,100,2.39,overcast clouds
346,Tapalpa,MX,2021-12-03 20:48:27,19.95,-103.7667,72.66,32,63,0.63,broken clouds
347,Sokoto,NG,2021-12-03 20:48:27,13.0609,5.239,77.95,16,27,9.28,scattered clouds
348,Marsh Harbour,BS,2021-12-03 20:48:28,26.5412,-77.0636,73.96,61,52,7.99,broken clouds
349,La Asuncion,VE,2021-12-03 20:48:29,11.0333,-63.8628,87.53,62,100,14.97,overcast clouds
350,Iguape,BR,2021-12-03 20:48:29,-24.7081,-47.5553,73.35,71,24,10.49,few clouds
351,Ketchikan,US,2021-12-03 20:48:29,55.3422,-131.6461,34.27,100,90,4.61,mist
352,Fort Nelson,CA,2021-12-03 20:48:30,58.8053,-122.7002,-11.61,77,40,2.3,scattered clouds
353,Bhanpura,IN,2021-12-03 20:48:30,24.513,75.7469,62.2,58,0,6.67,clear sky
354,Kitwe,ZM,2021-12-03 20:48:31,-12.7961,28.2477,73.63,43,44,6.35,scattered clouds
355,Colesberg,ZA,2021-12-03 20:48:31,-30.72,25.0972,66.88,50,100,3.38,overcast clouds
356,Enshi,CN,2021-12-03 20:48:32,30.3,109.4833,44.56,87,5,0.22,clear sky
357,Porto Santo,PT,2021-12-03 20:48:32,33.072,-16.3415,64.31,59,75,14.97,broken clouds
358,Kavieng,PG,2021-12-03 20:48:33,-2.5744,150.7967,82.8,77,74,8.81,broken clouds
359,Nemuro,JP,2021-12-03 20:48:33,43.3236,145.575,41.13,77,22,17.92,few clouds
360,Hami,CN,2021-12-03 20:48:34,42.8,93.45,24.1,61,0,3.36,clear sky
361,Juneau,US,2021-12-03 20:48:35,58.3019,-134.4197,30.85,94,90,8.05,snow
362,Sladkovo,RU,2021-12-03 20:48:35,55.5284,70.3385,25.48,94,99,15.03,light snow
363,Port Hedland,AU,2021-12-03 20:48:35,-20.3167,118.5667,77.05,78,9,6.91,clear sky
364,Sabha,LY,2021-12-03 20:48:36,27.0377,14.4283,63.39,13,73,16.37,broken clouds
365,Peremyshlyany,UA,2021-12-03 20:48:36,49.6652,24.5585,23.34,85,24,6.93,few clouds
366,Aguimes,ES,2021-12-03 20:48:37,27.9054,-15.4461,63.23,59,40,23.02,scattered clouds
367,Saurimo,AO,2021-12-03 20:48:37,-9.6608,20.3916,66.43,90,77,3.69,broken clouds
368,Gergebil,RU,2021-12-03 20:48:38,42.5047,47.0661,30.69,47,5,3.96,clear sky
369,Anaconda,US,2021-12-03 20:48:38,46.1285,-112.9423,50.99,40,57,8.19,broken clouds
370,Okitipupa,NG,2021-12-03 20:48:39,6.5047,4.7839,78.21,89,100,1.48,overcast clouds
371,Ordu,TR,2021-12-03 20:48:39,40.9086,37.6845,34.3,52,0,9.37,clear sky
372,Brokopondo,SR,2021-12-03 20:48:40,4.75,-55.1667,78.03,88,44,6.06,scattered clouds
373,Bolgatanga,GH,2021-12-03 20:48:40,10.7856,-0.8514,83.41,18,32,4.14,scattered clouds
374,Roald,NO,2021-12-03 20:48:41,62.5833,6.1333,31.33,64,75,3.44,light snow
375,Narasapur,IN,2021-12-03 20:48:41,16.45,81.6667,70.45,80,84,3.89,broken clouds
376,Sungaipenuh,ID,2021-12-03 20:48:42,-2.0833,101.3833,65.05,94,100,2.77,light rain
377,Uhlove,UA,2021-12-03 20:48:42,44.8215,33.6045,55.56,83,76,21.61,broken clouds
378,Baoding,CN,2021-12-03 20:48:43,38.8511,115.4903,37.58,41,4,2.39,clear sky
379,North Myrtle Beach,US,2021-12-03 20:45:01,33.816,-78.68,78.03,55,1,5.75,clear sky
380,Saldanha,ZA,2021-12-03 20:48:44,-33.0117,17.9442,62.65,80,38,25.37,scattered clouds
381,Shaunavon,CA,2021-12-03 20:48:24,49.6501,-108.4181,29.98,30,100,7.54,overcast clouds
382,Aksaray,TR,2021-12-03 20:48:44,38.3726,34.0254,35.19,39,100,2.26,overcast clouds
383,Rocha,UY,2021-12-03 20:48:45,-34.4833,-54.3333,68.76,67,63,11.18,broken clouds
384,Parakou,BJ,2021-12-03 20:48:45,9.3372,2.6303,80.19,21,88,4.5,overcast clouds
385,Champerico,GT,2021-12-03 20:48:46,14.3,-91.9167,93.74,64,70,7.67,broken clouds
386,Tehachapi,US,2021-12-03 20:48:46,35.1322,-118.449,69.87,16,1,3.0,clear sky
387,Santa Vitoria Do Palmar,BR,2021-12-03 20:48:47,-33.5189,-53.3681,67.59,71,65,11.05,broken clouds
388,Maningrida,AU,2021-12-03 20:48:47,-12.0667,134.2667,83.71,75,63,2.66,broken clouds
389,San Carlos,VE,2021-12-03 20:48:48,9.6612,-68.5827,87.13,53,100,2.68,overcast clouds
390,Saint Anthony,US,2021-12-03 20:48:48,45.0205,-93.218,45.48,82,40,1.99,scattered clouds
391,Brenham,US,2021-12-03 20:48:48,30.1669,-96.3977,81.43,72,40,9.22,scattered clouds
392,Luderitz,NA,2021-12-03 20:48:49,-26.6481,15.1594,60.13,88,19,10.76,few clouds
393,Impfondo,CG,2021-12-03 20:48:49,1.6381,18.0667,72.52,94,100,2.64,light rain
394,Caconda,AO,2021-12-03 20:48:50,-13.7333,15.0667,61.54,95,100,1.16,light rain
395,Duma,CN,2021-12-03 20:48:50,34.7653,108.135,15.82,37,0,3.4,clear sky
396,Bandar,ID,2021-12-03 20:48:51,2.05,99.75,72.43,94,100,1.34,overcast clouds
397,Aksu,CN,2021-12-03 20:48:51,41.1231,80.2644,25.99,50,99,0.6,overcast clouds
398,Lagos,NG,2021-12-03 20:48:52,6.5833,3.75,84.52,85,98,5.21,overcast clouds
399,Oga,IT,2021-12-03 20:48:52,46.4631,10.347,22.69,45,42,2.06,scattered clouds
400,Morondava,MG,2021-12-03 20:48:53,-20.2833,44.2833,80.76,84,38,12.71,scattered clouds
401,Aripuana,BR,2021-12-03 20:48:53,-9.1667,-60.6333,77.05,96,100,0.89,overcast clouds
402,Anadyr,RU,2021-12-03 20:48:54,64.75,177.4833,16.3,78,20,24.61,few clouds
403,Panino,RU,2021-12-03 20:48:54,51.6467,40.1346,47.97,84,96,20.62,overcast clouds
404,Onda,ES,2021-12-03 20:48:55,39.9667,-0.25,54.05,59,7,6.71,clear sky
405,Viedma,AR,2021-12-03 20:48:55,-40.8135,-62.9967,64.0,33,79,14.07,broken clouds
406,Tateyama,JP,2021-12-03 20:48:56,34.9833,139.8667,46.42,57,0,19.93,clear sky
407,Lethem,GY,2021-12-03 20:48:56,3.3803,-59.7968,86.97,54,97,8.16,overcast clouds
408,Podgornoye,RU,2021-12-03 20:48:58,51.735,39.1496,48.42,76,90,15.66,overcast clouds
409,Wukari,NG,2021-12-03 20:48:58,7.85,9.7833,81.43,24,57,0.36,broken clouds
410,Burnie,AU,2021-12-03 20:48:59,-41.0667,145.9167,53.4,84,74,13.8,broken clouds
411,Miles City,US,2021-12-03 20:48:59,46.4083,-105.8406,41.5,44,90,12.66,overcast clouds
412,Sarakhs,IR,2021-12-03 20:49:00,36.5449,61.1577,42.04,82,100,12.08,overcast clouds
413,Makaha,US,2021-12-03 20:49:00,21.4694,-158.2175,79.65,94,90,13.8,heavy intensity rain
414,Rehoboth,NA,2021-12-03 20:49:01,-23.3167,17.0833,66.6,31,50,8.81,scattered clouds
415,Itaituba,BR,2021-12-03 20:49:01,-4.2761,-55.9836,80.76,89,40,8.05,scattered clouds
416,Cooma,AU,2021-12-03 20:49:02,-36.2333,149.1333,53.37,100,90,10.36,overcast clouds
417,Progreso,MX,2021-12-03 20:49:02,21.2833,-89.6667,77.68,74,70,15.5,broken clouds
418,Kholmogory,RU,2021-12-03 20:49:03,64.2229,41.656,-5.69,89,18,6.51,few clouds
419,Pisco,PE,2021-12-03 20:49:03,-13.7,-76.2167,73.45,64,0,20.71,clear sky
420,Havoysund,NO,2021-12-03 20:49:04,70.9963,24.6622,23.23,81,43,11.99,scattered clouds
421,Namatanai,PG,2021-12-03 20:49:04,-3.6667,152.4333,81.18,83,97,6.93,moderate rain
422,Zapolyarnyy,RU,2021-12-03 20:49:05,69.4154,30.8136,6.08,98,59,4.83,broken clouds
423,Urumqi,CN,2021-12-03 20:49:04,43.801,87.6005,11.35,85,69,6.71,mist
424,Abu Kamal,SY,2021-12-03 20:49:05,34.4506,40.9171,53.42,39,41,3.38,scattered clouds
425,Geraldton,AU,2021-12-03 20:44:29,-28.7667,114.6,73.13,68,0,12.66,clear sky
426,Vanavara,RU,2021-12-03 20:49:06,60.34,102.2797,29.05,96,100,12.17,snow
427,Samana,DO,2021-12-03 20:49:07,19.2056,-69.3369,84.42,74,40,6.91,scattered clouds
428,Santa Lucia,ES,2021-12-03 20:49:07,27.9117,-15.5407,58.32,59,40,23.02,scattered clouds
429,Gravdal,NO,2021-12-03 20:49:08,68.1214,13.5031,28.29,50,40,12.66,scattered clouds
430,Vilyuysk,RU,2021-12-03 20:49:08,63.7553,121.6247,-15.59,88,94,11.99,overcast clouds
431,Verkh-Usugli,RU,2021-12-03 20:49:09,52.7,115.1667,3.16,99,82,2.48,broken clouds
432,Matiri,TZ,2021-12-03 20:49:09,-10.75,34.9,70.09,50,52,8.55,broken clouds
433,Sal Rei,CV,2021-12-03 20:49:10,16.1833,-22.9167,72.16,68,2,23.78,clear sky
434,Khanpur,PK,2021-12-03 20:49:10,28.6453,70.6567,62.02,23,0,4.43,clear sky
435,Boa Vista,BR,2021-12-03 20:49:10,2.8197,-60.6733,87.78,55,40,17.27,scattered clouds
436,Beyneu,KZ,2021-12-03 20:49:11,45.3167,55.2,34.56,68,4,9.48,clear sky
437,Esqueda,MX,2021-12-03 20:49:11,30.7167,-109.5833,71.6,17,36,6.8,scattered clouds
438,Tahe,CN,2021-12-03 20:49:12,52.3333,124.7333,-8.63,93,20,3.42,few clouds
439,Maraba,BR,2021-12-03 20:49:12,-5.3686,-49.1178,80.78,83,75,3.44,broken clouds
440,Marondera,ZW,2021-12-03 20:49:13,-18.1853,31.5519,67.96,47,5,7.67,clear sky
441,Sistranda,NO,2021-12-03 20:49:13,63.7256,8.834,23.9,67,11,19.75,few clouds
442,Kavaratti,IN,2021-12-03 20:49:14,10.5669,72.642,81.09,74,2,1.48,clear sky
443,Anton Lizardo,MX,2021-12-03 20:49:14,19.05,-95.9833,84.22,69,5,6.51,clear sky
444,Biltine,TD,2021-12-03 20:49:15,14.5333,20.9167,77.29,21,0,8.12,clear sky
445,Broome,US,2021-12-03 20:49:15,42.2506,-75.833,36.7,67,75,5.99,broken clouds
446,Eureka,US,2021-12-03 20:47:30,40.8021,-124.1637,51.19,76,51,2.91,broken clouds
447,Marawi,PH,2021-12-03 20:49:16,7.9986,124.2928,62.65,98,94,3.18,overcast clouds
448,Necochea,AR,2021-12-03 20:49:17,-38.5473,-58.7368,57.04,82,100,15.68,overcast clouds
449,Velyka Oleksandrivka,UA,2021-12-03 20:49:17,47.3197,33.3037,46.87,92,100,9.01,overcast clouds
450,Araioses,BR,2021-12-03 20:49:18,-2.89,-41.9031,82.13,77,61,10.13,broken clouds
451,Dolores,AR,2021-12-03 20:49:18,-36.3132,-57.6792,66.88,71,100,5.23,overcast clouds
452,Oistins,BB,2021-12-03 20:49:19,13.0667,-59.5333,82.49,69,20,17.27,few clouds
453,Rajula,IN,2021-12-03 20:49:19,21.05,71.4333,70.83,59,0,8.23,clear sky
454,Payo,ID,2021-12-03 20:49:20,-3.7508,103.6372,73.29,98,100,2.59,overcast clouds
455,Fare,PF,2021-12-03 20:49:20,-16.7,-151.0167,81.37,68,98,18.68,overcast clouds
456,Kambove,CD,2021-12-03 20:49:21,-10.8764,26.5969,64.42,75,21,2.53,few clouds
457,Price,US,2021-12-03 20:44:35,39.5994,-110.8107,56.71,35,1,4.61,clear sky
458,Rorvik,NO,2021-12-03 20:49:21,64.8621,11.2373,24.91,63,16,20.71,few clouds
459,Shahr-E Kord,IR,2021-12-03 20:49:22,32.3256,50.8644,28.17,86,0,4.61,clear sky
460,Hambantota,LK,2021-12-03 20:49:23,6.1241,81.1185,77.74,84,65,2.98,heavy intensity rain
461,Sancti Spiritus,CU,2021-12-03 20:49:23,21.9297,-79.4425,74.86,79,99,10.2,overcast clouds
462,Formosa,AR,2021-12-03 20:49:24,-26.1775,-58.1781,89.58,31,0,10.36,clear sky
463,Mana,GF,2021-12-03 20:49:24,5.6592,-53.7767,79.02,81,24,7.58,few clouds
464,Kiunga,PG,2021-12-03 20:49:25,-6.1219,141.2906,74.14,99,96,1.5,light rain
465,Shenjiamen,CN,2021-12-03 20:49:25,29.9576,122.298,51.91,55,9,8.55,clear sky
466,Mungwi,ZM,2021-12-03 20:49:25,-10.1732,31.3694,67.91,37,39,5.44,scattered clouds
467,Pokosnoye,RU,2021-12-03 20:49:26,55.5258,101.0536,19.08,84,100,2.98,overcast clouds
468,Oranjemund,NA,2021-12-03 20:49:26,-28.55,16.4333,64.69,74,81,15.35,broken clouds
469,Shangrao,CN,2021-12-03 20:49:27,28.4532,117.9686,43.12,69,62,1.57,broken clouds
470,Ust-Omchug,RU,2021-12-03 20:49:27,61.15,149.6333,-22.22,99,100,3.24,overcast clouds
471,Torbay,CA,2021-12-03 20:45:35,47.6666,-52.7314,53.28,97,90,25.32,moderate rain
472,Lompoc,US,2021-12-03 20:49:28,34.6391,-120.4579,61.41,82,90,4.61,overcast clouds
473,Melville,US,2021-12-03 20:49:29,40.7934,-73.4151,46.81,45,1,5.01,clear sky
474,Padang,ID,2021-12-03 20:49:29,-0.9492,100.3543,78.22,79,100,4.12,moderate rain
475,Caravelas,BR,2021-12-03 20:49:30,-17.7125,-39.2481,75.76,85,68,8.32,broken clouds
476,Cockburn Town,TC,2021-12-03 20:49:30,21.4612,-71.1419,79.92,74,1,13.8,clear sky
477,Luanda,AO,2021-12-03 20:48:54,-8.8368,13.2343,78.8,83,75,10.36,light rain
478,Killarney,IE,2021-12-03 20:49:31,52.05,-9.5167,46.8,86,87,14.45,light rain
479,Lorengau,PG,2021-12-03 20:49:31,-2.0226,147.2712,83.17,77,68,8.5,broken clouds
480,Bell Ville,AR,2021-12-03 20:49:32,-32.6259,-62.6887,82.8,35,96,10.36,overcast clouds
481,Grand Gaube,MU,2021-12-03 20:49:32,-20.0064,57.6608,78.39,75,10,4.0,clear sky
482,Baruun-Urt,MN,2021-12-03 20:49:33,46.6806,113.2792,22.05,61,3,9.1,clear sky
483,Kudahuvadhoo,MV,2021-12-03 20:49:33,2.6708,72.8944,82.02,77,12,8.28,few clouds
484,Sao Felix Do Xingu,BR,2021-12-03 20:49:34,-6.6447,-51.995,73.99,99,100,3.13,overcast clouds
485,Nizhniy Lomov,RU,2021-12-03 20:49:34,53.5304,43.6766,39.43,92,100,18.05,overcast clouds
486,Banjar,ID,2021-12-03 20:49:35,-8.19,114.9675,80.46,87,91,1.9,overcast clouds
487,Haimen,CN,2021-12-03 20:49:36,23.1935,116.6142,49.89,57,4,11.99,clear sky
488,Otukpo,NG,2021-12-03 20:49:36,7.1913,8.1329,80.71,23,70,2.48,broken clouds
489,Harwich,GB,2021-12-03 20:49:37,51.9419,1.2844,46.35,92,100,1.99,overcast clouds
490,Dukat,RU,2021-12-03 20:49:37,62.55,155.55,-36.2,98,35,3.83,scattered clouds
491,Catamarca,AR,2021-12-03 20:49:38,-28.4696,-65.7852,94.77,34,72,8.01,broken clouds
492,Blackwater,AU,2021-12-03 20:49:38,-23.5833,148.8833,77.16,74,0,7.92,clear sky
493,Rincon,US,2021-12-03 20:49:39,32.296,-81.2354,80.78,33,20,0.0,few clouds
494,Quang Ngai,VN,2021-12-03 20:49:39,15.1167,108.8,66.15,73,97,6.44,overcast clouds
495,Uray,RU,2021-12-03 20:49:40,60.1247,64.7758,17.67,87,68,9.73,broken clouds
496,Khandyga,RU,2021-12-03 20:49:40,62.6667,135.6,-43.85,99,68,3.38,broken clouds
497,Abbeville,FR,2021-12-03 20:49:41,50.1,1.8333,44.56,98,100,7.56,light rain
498,Jiayuguan,CN,2021-12-03 20:49:41,39.8167,98.3,26.78,31,0,1.59,clear sky
499,Ballina,AU,2021-12-03 20:49:42,-28.8667,153.5667,69.98,96,52,5.75,broken clouds
500,Kuytun,RU,2021-12-03 20:49:42,54.3419,101.5036,6.93,93,54,3.22,broken clouds
501,Atagay,RU,2021-12-03 20:49:43,55.1033,99.3875,24.26,80,100,3.27,overcast clouds
502,Uvira,CD,2021-12-03 20:49:44,-3.4067,29.1458,73.02,82,99,5.06,overcast clouds
503,San Cristobal,VE,2021-12-03 20:49:44,7.7669,-72.225,80.78,47,11,3.4,few clouds
504,Trinidad,BO,2021-12-03 20:49:45,-14.8333,-64.9,85.98,74,75,8.05,heavy intensity rain
505,Jumla,NP,2021-12-03 20:49:45,29.2747,82.1838,37.78,83,43,6.4,scattered clouds
506,Harper,LR,2021-12-03 20:49:46,4.375,-7.7169,79.29,84,82,8.39,light rain
507,Batman,TR,2021-12-03 20:49:46,37.8874,41.1322,34.14,93,0,3.44,clear sky
508,Micheweni,TZ,2021-12-03 20:49:47,-4.9667,39.8333,79.36,78,4,5.19,clear sky
509,Masinloc,PH,2021-12-03 20:49:47,15.5333,120.05,60.62,75,50,5.53,scattered clouds
510,Kenai,US,2021-12-03 20:49:48,60.5544,-151.2583,5.14,84,1,4.61,mist
511,Chepareria,KE,2021-12-03 20:49:48,1.3077,35.2039,62.42,78,47,4.25,scattered clouds
512,Saint-Francois,FR,2021-12-03 20:49:48,46.4154,3.9054,39.47,88,90,11.5,light rain
513,Hirara,JP,2021-12-03 20:49:49,24.8,125.2833,66.83,53,67,20.83,broken clouds
514,Mandera,KE,2021-12-03 20:49:49,3.9366,41.867,86.52,38,28,4.09,scattered clouds
515,Margate,GB,2021-12-03 20:49:50,51.3813,1.3862,46.04,90,100,2.84,overcast clouds
516,Honningsvag,NO,2021-12-03 20:49:50,70.9821,25.9704,22.75,80,20,9.22,few clouds
517,Sinazongwe,ZM,2021-12-03 20:49:51,-17.2614,27.4618,83.57,50,23,4.18,few clouds
518,Homer,US,2021-12-03 20:49:51,59.6425,-151.5483,14.04,85,1,4.61,clear sky
519,Cayenne,GF,2021-12-03 20:44:28,4.9333,-52.3333,77.09,90,75,1.14,light rain
520,Touros,BR,2021-12-03 20:49:52,-5.1989,-35.4608,85.1,78,100,12.5,overcast clouds
521,San Policarpo,PH,2021-12-03 20:49:52,12.1791,125.5072,78.94,72,100,16.11,overcast clouds
522,Eskisehir,TR,2021-12-03 20:49:53,39.7767,30.5206,46.31,76,75,8.05,broken clouds
523,Muyezerskiy,RU,2021-12-03 20:49:53,63.9333,31.65,8.2,83,67,10.67,broken clouds
524,Muswellbrook,AU,2021-12-03 20:45:35,-32.2667,150.9,68.32,92,100,2.42,overcast clouds
525,Hualmay,PE,2021-12-03 20:49:54,-11.0964,-77.6139,70.9,75,52,11.65,broken clouds
526,Chuy,UY,2021-12-03 20:49:55,-33.6971,-53.4616,67.32,72,76,10.69,broken clouds
527,Curanilahue,CL,2021-12-03 20:49:55,-37.4667,-73.35,63.12,43,0,9.95,clear sky
528,Rock Sound,BS,2021-12-03 20:49:56,24.9,-76.2,75.92,59,48,11.56,scattered clouds
529,Bowen,AU,2021-12-03 20:49:56,-20.0167,148.2333,77.22,81,5,8.5,clear sky
530,Wattegama,LK,2021-12-03 20:49:57,6.7989,81.4808,73.11,95,43,1.19,light rain
531,Kadoma,JP,2021-12-03 20:49:57,34.7333,135.5833,51.78,65,75,4.61,broken clouds
532,Magaria,NE,2021-12-03 20:49:57,12.9983,8.9099,74.93,19,38,7.25,scattered clouds
533,Opuwo,NA,2021-12-03 20:49:58,-18.0607,13.84,69.91,35,41,3.0,scattered clouds
534,Grindavik,IS,2021-12-03 20:49:58,63.8424,-22.4338,32.47,100,75,13.8,light shower snow
535,Mendoza,AR,2021-12-03 20:49:19,-32.8908,-68.8272,71.13,68,75,12.66,broken clouds
536,Inirida,CO,2021-12-03 20:49:59,3.8653,-67.9239,84.74,70,71,1.05,broken clouds
537,Phalaborwa,ZA,2021-12-03 20:49:59,-23.943,31.1411,76.28,77,100,15.08,overcast clouds
538,Talnakh,RU,2021-12-03 20:49:59,69.4865,88.3972,-23.8,98,100,11.23,overcast clouds
539,Laiyang,CN,2021-12-03 20:50:00,36.9758,120.7136,35.82,61,0,4.16,clear sky
540,Pipri,IN,2021-12-03 20:50:00,19.8,75.5333,69.6,53,91,4.47,overcast clouds
541,Santa Ana,US,2021-12-03 20:50:01,33.7456,-117.8678,75.42,66,1,1.01,haze
542,Chaiya,TH,2021-12-03 20:50:01,9.3862,99.1986,80.19,78,87,8.57,overcast clouds
543,Wundanyi,KE,2021-12-03 20:50:02,-3.4019,38.364,61.83,87,12,3.44,few clouds
544,Ippy,CF,2021-12-03 20:50:02,6.2679,21.2247,77.52,59,86,4.25,overcast clouds
545,Kununurra,AU,2021-12-03 20:50:03,-15.7667,128.7333,80.58,89,99,3.44,overcast clouds
546,Bastia,FR,2021-12-03 20:50:04,42.6667,9.3333,50.31,78,40,1.99,scattered clouds
547,Miraflores,MX,2021-12-03 20:50:04,19.2167,-98.8083,72.03,23,93,3.94,overcast clouds
548,San Felipe,VE,2021-12-03 20:50:05,10.3399,-68.7425,78.15,81,100,6.73,overcast clouds
549,Huarmey,PE,2021-12-03 20:50:05,-10.0681,-78.1522,71.74,74,29,12.33,scattered clouds
550,Male,MV,2021-12-03 20:50:06,4.1748,73.5089,82.35,83,75,8.05,broken clouds
551,Nanchang,CN,2021-12-03 20:50:07,28.6833,115.8833,49.15,44,89,0.31,overcast clouds
552,Kewanee,US,2021-12-03 20:50:07,41.2456,-89.9248,60.13,48,4,8.3,clear sky
553,Gold Coast,AU,2021-12-03 20:50:08,-28.0,153.4333,76.17,84,0,4.61,clear sky
554,Namangan,UZ,2021-12-03 20:50:08,40.9983,71.6726,43.25,52,100,2.3,mist
555,Waynesboro,US,2021-12-03 20:47:54,38.0685,-78.8895,63.54,31,1,8.05,clear sky
556,Husavik,IS,2021-12-03 20:50:09,66.0449,-17.3389,15.71,81,96,12.71,overcast clouds
557,Yeppoon,AU,2021-12-03 20:50:10,-23.1333,150.7333,78.58,74,77,11.56,broken clouds
558,Wamba,NG,2021-12-03 20:50:10,8.9333,8.6,77.65,25,50,4.14,scattered clouds
559,Serebryansk,KZ,2021-12-03 20:50:11,49.6925,83.2892,29.75,97,100,2.77,light snow
560,Nushki,PK,2021-12-03 20:50:11,29.5542,66.0215,57.88,27,0,7.43,clear sky
561,Angoram,PG,2021-12-03 20:50:12,-4.0625,144.0661,76.46,93,72,1.45,broken clouds
562,Loiza,PR,2021-12-03 20:50:12,18.4313,-65.8802,84.2,80,40,11.5,scattered clouds
563,Shulan,CN,2021-12-03 20:50:13,44.4167,126.95,4.77,95,30,0.45,scattered clouds
564,Vaitape,PF,2021-12-03 20:47:35,-16.5167,-151.75,81.66,70,27,19.06,scattered clouds
565,Jibuti,DJ,2021-12-03 20:50:14,11.5,42.5,74.62,67,0,14.74,clear sky
566,Goulburn,AU,2021-12-03 20:50:14,-34.75,149.7167,58.15,93,99,2.01,overcast clouds
567,Zhirnov,RU,2021-12-03 20:50:15,48.1709,41.1261,42.3,67,31,15.46,scattered clouds
568,Luancheng,CN,2021-12-03 20:50:15,37.8792,114.6517,37.56,36,0,2.44,clear sky
569,Cortes,ES,2021-12-03 20:50:15,41.9395,-1.4396,52.61,77,99,2.73,overcast clouds
570,Farah,AF,2021-12-03 20:50:16,32.5,62.5,55.54,21,35,5.26,scattered clouds
571,Nagato,JP,2021-12-03 20:50:17,34.3833,131.2,46.31,58,6,20.65,clear sky
572,Gardiner,US,2021-12-03 20:50:17,44.2301,-69.7753,34.02,48,1,3.0,clear sky
573,Sangar,RU,2021-12-03 20:50:18,63.9242,127.4739,-32.98,85,26,13.09,scattered clouds
574,Myitkyina,MM,2021-12-03 20:50:19,25.3833,97.4,60.42,79,100,1.66,overcast clouds
575,Japura,ID,2021-12-03 20:50:19,-0.3167,102.35,74.3,95,100,2.73,overcast clouds
576,Altamont,US,2021-12-03 20:50:20,42.2068,-121.7372,52.77,75,1,1.99,fog
577,Kongolo,CD,2021-12-03 20:50:20,-5.3833,27.0,72.77,82,55,1.21,broken clouds
578,Jinka,ET,2021-12-03 20:50:20,5.65,36.65,69.08,47,67,4.23,broken clouds
579,Iracoubo,GF,2021-12-03 20:50:21,5.4802,-53.2011,78.78,82,76,7.81,broken clouds
580,Tevaitoa,PF,2021-12-03 20:50:22,-16.7833,-151.5,81.57,69,50,20.42,scattered clouds
581,Buenos Aires,AR,2021-12-03 20:50:22,-34.6132,-58.3772,77.0,45,40,10.36,scattered clouds
582,Sorong,ID,2021-12-03 20:50:23,-0.8833,131.25,80.33,80,100,8.41,overcast clouds
583,Olga,RU,2021-12-03 20:50:23,43.7444,135.2892,18.97,54,97,5.14,overcast clouds
584,Grand-Couronne,FR,2021-12-03 20:50:24,49.3556,1.0065,52.43,93,90,6.91,mist
585,Eyl,SO,2021-12-03 20:50:24,7.9803,49.8164,76.96,63,2,15.26,clear sky
586,Port Said,EG,2021-12-03 20:50:25,31.2565,32.2841,66.18,68,20,3.44,few clouds
587,Saint-Georges,GD,2021-12-03 20:50:25,12.0564,-61.7485,85.68,70,40,12.66,scattered clouds
588,Miramar,US,2021-12-03 20:50:25,25.9873,-80.2323,80.02,60,20,9.22,few clouds
589,Komsomolskiy,UZ,2021-12-03 20:50:26,40.4272,71.7189,42.22,56,100,4.61,haze
590,Pangnirtung,CA,2021-12-03 20:50:26,66.1451,-65.7125,17.6,67,90,5.75,overcast clouds
591,Yazman,PK,2021-12-03 20:50:27,29.1212,71.7446,63.54,21,0,6.73,clear sky
592,Katobu,ID,2021-12-03 20:50:27,-4.9408,122.5276,76.03,93,98,0.67,overcast clouds
593,Tromso,NO,2021-12-03 20:47:31,69.6496,18.957,17.62,67,0,4.61,clear sky
594,Tarko-Sale,RU,2021-12-03 20:50:28,64.9225,77.785,-13.92,91,44,10.18,scattered clouds
595,Galesong,ID,2021-12-03 20:50:29,-5.3166,119.3661,75.22,81,100,4.29,overcast clouds
596,Walvis Bay,NA,2021-12-03 20:50:29,-22.9575,14.5053,62.1,82,0,11.5,clear sky
597,Erenhot,CN,2021-12-03 20:50:30,43.6475,111.9767,23.29,51,0,8.72,clear sky
598,Belaya Gora,RU,2021-12-03 20:50:31,68.5333,146.4167,-19.37,96,100,2.55,overcast clouds
599,Bilibino,RU,2021-12-03 20:50:31,68.0546,166.4372,-19.12,98,100,13.09,overcast clouds
600,Tocopilla,CL,2021-12-03 20:50:32,-22.092,-70.1979,69.08,63,61,7.9,broken clouds
601,Mont-De-Marsan,FR,2021-12-03 20:50:32,44.0,-0.6667,55.22,100,90,13.8,heavy intensity drizzle
602,Tupik,RU,2021-12-03 20:50:33,54.4253,119.9327,-1.32,92,100,2.55,overcast clouds
603,The Valley,AI,2021-12-03 20:50:33,18.217,-63.0578,84.06,74,40,10.36,scattered clouds
604,Sergeyevka,KZ,2021-12-03 20:50:34,53.88,67.4158,28.15,92,97,16.46,overcast clouds
605,Humen,CN,2021-12-03 20:50:34,22.819,113.6731,59.92,26,24,7.81,few clouds
606,Bosaso,SO,2021-12-03 20:50:34,11.2842,49.1816,73.99,63,1,3.11,clear sky
607,San Andres,CO,2021-12-03 20:46:26,12.5847,-81.7006,84.22,79,90,12.66,overcast clouds
608,Sitio Novo Do Tocantins,BR,2021-12-03 20:50:35,-5.5183,-47.4611,87.73,70,20,5.75,few clouds
609,Gushikawa,JP,2021-12-03 20:50:36,26.3544,127.8686,63.63,53,90,6.91,overcast clouds
610,Lagoa,PT,2021-12-03 20:50:36,39.05,-27.9833,64.0,83,83,10.2,broken clouds
611,Saint-Denis,FR,2021-12-03 20:50:37,48.9167,2.3333,46.85,98,90,1.99,light rain
612,Nioro,GM,2021-12-03 20:50:37,13.35,-15.75,84.52,13,94,6.08,overcast clouds
613,Charagua,BO,2021-12-03 20:50:38,-19.8,-63.2167,82.58,55,100,2.1,overcast clouds
614,Maragogi,BR,2021-12-03 20:50:38,-9.0122,-35.2225,80.1,80,30,11.45,scattered clouds
615,Bundaberg,AU,2021-12-03 20:50:39,-24.85,152.35,79.21,81,22,5.01,few clouds
616,Dalby,AU,2021-12-03 20:50:39,-27.1833,151.2667,68.7,74,0,3.71,clear sky
617,Mahajanga,MG,2021-12-03 20:50:40,-15.7167,46.3167,78.82,83,20,2.3,few clouds
618,Sobolevo,RU,2021-12-03 20:50:40,54.4299,31.8996,25.68,90,32,13.78,scattered clouds
619,Kimle,HU,2021-12-03 20:50:41,47.8173,17.3664,33.04,75,8,4.29,clear sky
620,Sindou,BF,2021-12-03 20:50:42,10.6667,-5.1667,80.13,19,10,4.34,clear sky
621,Rosarito,MX,2021-12-03 20:50:42,32.3333,-117.0333,69.93,67,5,9.62,clear sky
622,Mercedes,AR,2021-12-03 20:50:43,-34.6515,-59.4307,76.03,40,68,12.71,broken clouds
623,Prince George,CA,2021-12-03 20:50:43,53.9166,-122.753,29.25,64,1,1.01,clear sky
624,Vila,PT,2021-12-03 20:50:44,42.0304,-8.1588,41.88,94,100,5.21,overcast clouds
625,Uzhur,RU,2021-12-03 20:50:44,55.3036,89.8339,30.97,78,65,18.16,broken clouds
626,Skibbereen,IE,2021-12-03 20:50:45,51.55,-9.2667,46.2,82,29,17.74,light rain
627,Bafata,GW,2021-12-03 20:50:45,12.1667,-14.75,79.95,48,41,6.42,scattered clouds
628,Plettenberg Bay,ZA,2021-12-03 20:50:46,-34.0527,23.3716,60.06,80,98,4.32,overcast clouds
629,Kosai,JP,2021-12-03 20:50:46,34.7105,137.5316,51.66,67,10,10.85,clear sky
630,Durres,AL,2021-12-03 20:50:47,41.3231,19.4414,53.78,75,100,7.99,overcast clouds
631,Santa Rosa,PH,2021-12-03 20:50:47,14.3122,121.1114,75.85,76,100,12.71,overcast clouds
632,Oyama,JP,2021-12-03 20:50:48,36.3,139.8,47.66,57,0,2.48,clear sky
633,Seoul,KR,2021-12-03 20:46:12,37.5683,126.9778,29.64,74,0,1.14,clear sky
634,Karratha,AU,2021-12-03 20:50:49,-20.7377,116.8463,83.46,38,5,10.74,clear sky
635,Minsk,BY,2021-12-03 20:49:59,53.9,27.5667,29.95,91,97,13.82,overcast clouds
636,Great Yarmouth,GB,2021-12-03 20:50:49,52.6083,1.7305,43.21,92,100,6.44,overcast clouds
637,Tornio,FI,2021-12-03 20:50:50,65.8481,24.1466,15.82,94,83,7.85,broken clouds
638,Izazi,TZ,2021-12-03 20:50:50,-7.2,35.7333,75.38,50,66,4.88,broken clouds
639,Leningradskiy,RU,2021-12-03 20:50:51,69.3833,178.4167,10.96,89,24,16.02,few clouds
640,Arman,RU,2021-12-03 20:50:51,59.7,150.1667,-2.99,96,100,8.01,light snow
641,Eydhafushi,MV,2021-12-03 20:50:52,5.1033,73.0708,81.54,77,9,5.44,clear sky
642,La Joya,MX,2021-12-03 20:50:52,18.6667,-99.4667,85.39,34,90,3.53,overcast clouds
643,Melilla,ES,2021-12-03 20:50:53,35.2937,-2.9383,55.78,62,0,5.75,clear sky
644,Talara,PE,2021-12-03 20:47:40,-4.5772,-81.2719,75.96,64,0,18.41,clear sky
645,Bumba,CD,2021-12-03 20:50:54,2.1833,22.4667,70.66,97,100,2.75,light rain
646,Coahuayana,MX,2021-12-03 20:50:54,18.7333,-103.6833,87.39,59,48,6.51,scattered clouds
647,Clyde River,CA,2021-12-03 20:50:54,70.4692,-68.5914,10.63,85,89,11.5,light snow
648,Borogontsy,RU,2021-12-03 20:50:55,62.6683,131.1683,-40.0,97,32,5.64,scattered clouds
649,Turayf,SA,2021-12-03 20:50:55,31.6725,38.6637,46.65,66,0,6.91,clear sky
650,Ola,RU,2021-12-03 20:50:56,59.5833,151.2833,-2.87,81,100,12.93,light snow
651,Alta Floresta,BR,2021-12-03 20:49:17,-9.8756,-56.0861,78.62,94,75,4.61,broken clouds
652,Gillette,US,2021-12-03 20:50:57,44.2911,-105.5022,46.81,59,1,10.36,clear sky
653,Singkang,MY,2021-12-03 20:50:57,2.1006,102.7994,75.09,93,100,3.6,overcast clouds
654,Evensk,RU,2021-12-03 20:50:58,61.95,159.2333,-18.36,73,7,9.89,clear sky
655,Maine-Soroa,NE,2021-12-03 20:50:58,13.2114,12.0241,76.1,20,21,8.66,few clouds
656,Abalak,RU,2021-12-03 20:50:59,58.1286,68.5944,23.38,86,100,11.25,overcast clouds
657,Rudbar,AF,2021-12-03 20:50:59,30.15,62.6,61.79,33,0,4.52,clear sky
658,Araouane,ML,2021-12-03 20:51:00,18.9048,-3.5265,72.21,15,87,10.83,overcast clouds
659,Severnyy,RU,2021-12-03 20:51:00,50.677,36.5532,39.24,93,75,20.13,light intensity shower rain
660,Uglegorsk,RU,2021-12-03 20:51:01,49.0833,142.0333,18.73,82,94,14.65,overcast clouds
661,Kulhudhuffushi,MV,2021-12-03 20:51:01,6.6221,73.07,81.75,75,30,3.44,scattered clouds
662,Janow Lubelski,PL,2021-12-03 20:51:02,50.707,22.4104,31.82,62,19,10.27,few clouds
663,Milton,US,2021-12-03 20:47:49,34.1322,-84.3007,76.77,36,54,1.01,broken clouds
664,Beidao,CN,2021-12-03 20:51:02,34.5686,105.8933,36.48,39,0,2.46,clear sky
665,Parana,AR,2021-12-03 20:51:03,-31.732,-60.5238,89.29,33,22,8.03,few clouds
666,Orsta,NO,2021-12-03 20:51:03,62.2029,6.1272,31.44,93,75,0.0,light snow
667,Angoche,MZ,2021-12-03 20:51:04,-16.2325,39.9086,79.11,82,0,9.78,clear sky
668,Zhuhai,CN,2021-12-03 20:51:04,22.2769,113.5678,63.05,45,0,16.11,clear sky
669,Linqing,CN,2021-12-03 20:51:05,36.8456,115.7117,39.09,51,0,5.14,clear sky
670,Norrtalje,SE,2021-12-03 20:51:05,59.758,18.705,25.02,93,90,3.65,overcast clouds
671,Mount Darwin,ZW,2021-12-03 20:51:06,-16.7725,31.5838,76.89,40,0,3.87,clear sky
672,Beberibe,BR,2021-12-03 20:51:06,-4.1797,-38.1306,85.15,78,89,10.98,overcast clouds
673,Manggar,ID,2021-12-03 20:51:07,-2.8833,108.2667,79.74,86,100,10.25,overcast clouds
674,Nichinan,JP,2021-12-03 20:51:07,31.6,131.3667,46.76,72,3,10.8,clear sky
675,Cabra,ES,2021-12-03 20:51:08,37.4725,-4.4421,47.39,71,0,1.01,clear sky
676,Dehloran,IR,2021-12-03 20:51:09,32.6941,47.2679,58.89,39,0,2.33,clear sky
677,Viking,CA,2021-12-03 20:51:09,53.1001,-111.7684,28.53,75,0,9.55,clear sky
678,Miyako,JP,2021-12-03 20:51:10,39.6367,141.9525,41.76,78,68,5.46,broken clouds
679,Elat,IL,2021-12-03 20:51:10,29.5581,34.9482,62.44,48,0,9.22,clear sky
